"","year","crop_area","state_name","irr_area","prop_irr","fips","decade"
"1",2017,2205766,"ALABAMA",133335,0.0604483884509962,"01","2010_2019"
"2",2017,915647,"ARIZONA",876272,0.956997620261957,"04","2010_2019"
"3",2017,7098672,"ARKANSAS",4843849,0.682359883651477,"05","2010_2019"
"4",2017,7857512,"CALIFORNIA",7348690,0.935243878723952,"06","2010_2019"
"5",2017,5916737,"COLORADO",2334912,0.394628323009794,"08","2010_2019"
"6",2017,122074,"CONNECTICUT",7065,0.0578747317201042,"09","2010_2019"
"7",2017,435085,"DELAWARE",163011,0.374664720686762,"10","2010_2019"
"8",2017,2093330,"FLORIDA",1363029,0.651129540015191,"12","2010_2019"
"9",2017,3628707,"GEORGIA",1263575,0.348216320579204,"13","2010_2019"
"10",2017,4576077,"IDAHO",3079173,0.672884874970417,"16","2010_2019"
"11",2017,22701382,"ILLINOIS",608640,0.0268107025378455,"17","2010_2019"
"12",2017,12345774,"INDIANA",553193,0.0448082882450302,"18","2010_2019"
"13",2017,24347862,"IOWA",218364,0.00896850820002183,"19","2010_2019"
"14",2017,21837465,"KANSAS",2464656,0.112863649695603,"20","2010_2019"
"15",2017,5474346,"KENTUCKY",83247,0.0152067479841428,"21","2010_2019"
"16",2017,3314955,"LOUISIANA",1209249,0.364785947320552,"22","2010_2019"
"17",2017,360295,"MAINE",31810,0.088288763374457,"23","2010_2019"
"18",2017,1290212,"MARYLAND",123578,0.0957811584452788,"24","2010_2019"
"19",2017,140922,"MASSACHUSETTS",23561,0.167191779849846,"25","2010_2019"
"20",2017,7214667,"MICHIGAN",666976,0.0924472328383278,"26","2010_2019"
"21",2017,20054132,"MINNESOTA",609225,0.0303790261278823,"27","2010_2019"
"22",2017,4174210,"MISSISSIPPI",1807551,0.433028285591765,"28","2010_2019"
"23",2017,13486275,"MISSOURI",1515708,0.112388928744223,"29","2010_2019"
"24",2017,9901226,"MONTANA",1556834,0.157236487683444,"30","2010_2019"
"25",2017,19460222,"NEBRASKA",8476104,0.435560498744567,"31","2010_2019"
"26",2017,573785,"NEVADA",567978,0.989879484475893,"32","2010_2019"
"27",2017,85793,"NEW HAMPSHIRE",1935,0.0225542876458452,"33","2010_2019"
"28",2017,411785,"NEW JERSEY",85783,0.208319875663271,"34","2010_2019"
"29",2017,806138,"NEW MEXICO",527592,0.65446858974518,"35","2010_2019"
"30",2017,3581095,"NEW YORK",51511,0.0143841478653875,"36","2010_2019"
"31",2017,4407160,"NORTH CAROLINA",133811,0.030362183356175,"37","2010_2019"
"32",2017,23976011,"NORTH DAKOTA",262875,0.0109640840588537,"38","2010_2019"
"33",2017,10190952,"OHIO",48555,0.00476452052762097,"39","2010_2019"
"34",2017,7812594,"OKLAHOMA",513851,0.0657721366296521,"40","2010_2019"
"35",2017,2965392,"OREGON",1326112,0.447196188564615,"41","2010_2019"
"36",2017,3931996,"PENNSYLVANIA",30993,0.00788225623830746,"42","2010_2019"
"37",2017,14302,"RHODE ISLAND",2899,0.202698923227521,"44","2010_2019"
"38",2017,1599887,"SOUTH CAROLINA",205100,0.128196553881618,"45","2010_2019"
"39",2017,16371543,"SOUTH DAKOTA",482823,0.029491600150334,"46","2010_2019"
"40",2017,4566352,"TENNESSEE",184112,0.0403192745543927,"47","2010_2019"
"41",2017,17595330,"TEXAS",4054569,0.23043438230485,"48","2010_2019"
"42",2017,1062894,"UTAH",856972,0.806262901098322,"49","2010_2019"
"43",2017,417925,"VERMONT",2680,0.00641263384578573,"50","2010_2019"
"44",2017,2613010,"VIRGINIA",61532,0.0235483216673491,"51","2010_2019"
"45",2017,4472130,"WASHINGTON",1601268,0.358054886597661,"53","2010_2019"
"46",2017,736151,"WEST VIRGINIA",1660,0.00225497214566033,"54","2010_2019"
"47",2017,9234611,"WISCONSIN",450771,0.0488132093490457,"55","2010_2019"
"48",2017,1544826,"WYOMING",1114338,0.721335606728525,"56","2010_2019"
"49",2012,2158026,"ALABAMA",109717,0.0508413707712511,"01","2010_2019"
"50",2012,890130,"ARIZONA",854515,0.959988990372193,"04","2010_2019"
"51",2012,7316469,"ARKANSAS",4795969,0.655503221567671,"05","2010_2019"
"52",2012,8007461,"CALIFORNIA",7371411,0.920567830427148,"06","2010_2019"
"53",2012,5182628,"COLORADO",2110131,0.407154632746167,"08","2010_2019"
"54",2012,126835,"CONNECTICUT",9149,0.0721330862932156,"09","2010_2019"
"55",2012,421321,"DELAWARE",127007,0.301449488632183,"10","2010_2019"
"56",2012,2184485,"FLORIDA",1333840,0.610597005701573,"12","2010_2019"
"57",2012,3609788,"GEORGIA",1112359,0.308150783370104,"13","2010_2019"
"58",2012,4504676,"IDAHO",3044510,0.675855488829829,"16","2010_2019"
"59",2012,22373010,"ILLINOIS",521459,0.0233075031030693,"17","2010_2019"
"60",2012,12146538,"INDIANA",436004,0.035895330834185,"18","2010_2019"
"61",2012,24507219,"IOWA",170542,0.00695884751346124,"19","2010_2019"
"62",2012,21043596,"KANSAS",2858575,0.135840613933094,"20","2010_2019"
"63",2012,5349545,"KENTUCKY",71168,0.0133035613309169,"21","2010_2019"
"64",2012,3447617,"LOUISIANA",1078596,0.312852616749482,"22","2010_2019"
"65",2012,400960,"MAINE",30811,0.0768430766161213,"23","2010_2019"
"66",2012,1280965,"MARYLAND",104451,0.0815408695787941,"24","2010_2019"
"67",2012,137039,"MASSACHUSETTS",23119,0.168703799648275,"25","2010_2019"
"68",2012,7057978,"MICHIGAN",589020,0.0834544964577674,"26","2010_2019"
"69",2012,19807839,"MINNESOTA",519952,0.0262498094819935,"27","2010_2019"
"70",2012,4292113,"MISSISSIPPI",1648601,0.384100092425339,"28","2010_2019"
"71",2012,12917688,"MISSOURI",1174543,0.0909251717490003,"29","2010_2019"
"72",2012,9533929,"MONTANA",1482359,0.155482487859937,"30","2010_2019"
"73",2012,18812755,"NEBRASKA",8225973,0.43725509634288,"31","2010_2019"
"74",2012,582494,"NEVADA",561201,0.963445117031248,"32","2010_2019"
"75",2012,87382,"NEW HAMPSHIRE",2606,0.0298230756906457,"33","2010_2019"
"76",2012,408993,"NEW JERSEY",87770,0.214600249882027,"34","2010_2019"
"77",2012,690858,"NEW MEXICO",590104,0.854161057699267,"35","2010_2019"
"78",2012,3783661,"NEW YORK",58463,0.01545143711342,"36","2010_2019"
"79",2012,4378097,"NORTH CAROLINA",164414,0.037553759087567,"37","2010_2019"
"80",2012,23469816,"NORTH DAKOTA",217057,0.00924834689799017,"38","2010_2019"
"81",2012,10122245,"OHIO",45826,0.00452725655227669,"39","2010_2019"
"82",2012,8074733,"OKLAHOMA",450703,0.0558164585751628,"40","2010_2019"
"83",2012,2966351,"OREGON",1266256,0.426873286404744,"41","2010_2019"
"84",2012,3957000,"PENNSYLVANIA",38224,0.00965984331564316,"42","2010_2019"
"85",2012,18933,"RHODE ISLAND",3778,0.199545766650821,"44","2010_2019"
"86",2012,1634706,"SOUTH CAROLINA",154682,0.0946237427402848,"45","2010_2019"
"87",2012,16392000,"SOUTH DAKOTA",370081,0.0225769277696437,"46","2010_2019"
"88",2012,4546788,"TENNESSEE",145995,0.0321094803628408,"47","2010_2019"
"89",2012,16458332,"TEXAS",4174843,0.253661367385225,"48","2010_2019"
"90",2012,1054369,"UTAH",853875,0.809844561059743,"49","2010_2019"
"91",2012,446020,"VERMONT",3333,0.00747275906910004,"50","2010_2019"
"92",2012,2618291,"VIRGINIA",66710,0.0254784514020787,"51","2010_2019"
"93",2012,4342904,"WASHINGTON",1550138,0.356935819902996,"53","2010_2019"
"94",2012,699793,"WEST VIRGINIA",2008,0.00286941995704444,"54","2010_2019"
"95",2012,9149273,"WISCONSIN",419439,0.0458439703351294,"55","2010_2019"
"96",2012,1440605,"WYOMING",1016745,0.705776392557294,"56","2010_2019"
"97",2007,1994743,"ALABAMA",106925,0.0536033965277733,"01","2000_2009"
"98",2007,832406,"ARIZONA",823468,0.989262451255757,"04","2000_2009"
"99",2007,7367068,"ARKANSAS",4455478,0.604783069736834,"05","2000_2009"
"100",2007,7633173,"CALIFORNIA",7274248,0.952978269980256,"06","2000_2009"
"101",2007,5888926,"COLORADO",2296765,0.390014240287618,"08","2000_2009"
"102",2007,136833,"CONNECTICUT",9738,0.0711670430378637,"09","2000_2009"
"103",2007,409468,"DELAWARE",104063,0.254141959811267,"10","2000_2009"
"104",2007,2112129,"FLORIDA",1424396,0.67438873288516,"12","2000_2009"
"105",2007,3390437,"GEORGIA",987160,0.29116010708944,"13","2000_2009"
"106",2007,4225786,"IDAHO",2867218,0.678505253223897,"16","2000_2009"
"107",2007,22611443,"ILLINOIS",473081,0.0209221941297599,"17","2000_2009"
"108",2007,12108940,"INDIANA",395708,0.0326789958493477,"18","2000_2009"
"109",2007,23799380,"IOWA",188765,0.00793150914015407,"19","2000_2009"
"110",2007,19886655,"KANSAS",2728874,0.137221367796646,"20","2000_2009"
"111",2007,5057883,"KENTUCKY",58221,0.0115109424239351,"21","2000_2009"
"112",2007,3342048,"LOUISIANA",910458,0.272425171631287,"22","2000_2009"
"113",2007,393738,"MAINE",20799,0.0528244670313762,"23","2000_2009"
"114",2007,1246603,"MARYLAND",91926,0.0737411990826269,"24","2000_2009"
"115",2007,153993,"MASSACHUSETTS",22662,0.147162533361906,"25","2000_2009"
"116",2007,6859081,"MICHIGAN",496295,0.0723559030721463,"26","2000_2009"
"117",2007,19267018,"MINNESOTA",499583,0.0259294406638329,"27","2000_2009"
"118",2007,4223708,"MISSISSIPPI",1364157,0.322976162177878,"28","2000_2009"
"119",2007,12980113,"MISSOURI",1190101,0.0916864899404188,"29","2000_2009"
"120",2007,9163867,"MONTANA",1558122,0.170028875364516,"30","2000_2009"
"121",2007,18169876,"NEBRASKA",8448373,0.464965913911575,"31","2000_2009"
"122",2007,504311,"NEVADA",502978,0.9973567897587,"32","2000_2009"
"123",2007,99520,"NEW HAMPSHIRE",2417,0.024286575562701,"33","2000_2009"
"124",2007,415542,"NEW JERSEY",94121,0.226501773587267,"34","2000_2009"
"125",2007,1009683,"NEW MEXICO",648272,0.642054981613041,"35","2000_2009"
"126",2007,3651278,"NEW YORK",65891,0.0180460101915001,"36","2000_2009"
"127",2007,4188658,"NORTH CAROLINA",208213,0.0497087611354281,"37","2000_2009"
"128",2007,22035717,"NORTH DAKOTA",233171,0.0105815027484697,"38","2000_2009"
"129",2007,9991007,"OHIO",37050,0.00370833490558059,"39","2000_2009"
"130",2007,7650080,"OKLAHOMA",481169,0.0628972507477046,"40","2000_2009"
"131",2007,3037261,"OREGON",1333741,0.439126239068687,"41","2000_2009"
"132",2007,3942079,"PENNSYLVANIA",36759,0.00932477507426919,"42","2000_2009"
"133",2007,19325,"RHODE ISLAND",4266,0.220750323415265,"44","2000_2009"
"134",2007,1551670,"SOUTH CAROLINA",123413,0.0795355971308332,"45","2000_2009"
"135",2007,15278709,"SOUTH DAKOTA",358807,0.0234841176698895,"46","2000_2009"
"136",2007,4226440,"TENNESSEE",79150,0.0187273449995741,"47","2000_2009"
"137",2007,19174301,"TEXAS",4621445,0.241022867013509,"48","2000_2009"
"138",2007,964702,"UTAH",787205,0.816008466863342,"49","2000_2009"
"139",2007,433074,"VERMONT",2203,0.00508689046213811,"50","2000_2009"
"140",2007,2544997,"VIRGINIA",78675,0.0309135924325255,"51","2000_2009"
"141",2007,4387169,"WASHINGTON",1589538,0.362315196884369,"53","2000_2009"
"142",2007,692003,"WEST VIRGINIA",0,0,"54","2000_2009"
"143",2007,8884628,"WISCONSIN",373680,0.0420591610588536,"55","2000_2009"
"144",2007,1536240,"WYOMING",1025182,0.667331927303026,"56","2000_2009"
"145",2002,1995139,"ALABAMA",101965,0.0511067148704927,"01","2000_2009"
"146",2002,887966,"ARIZONA",887966,1,"04","2000_2009"
"147",2002,7457599,"ARKANSAS",4144606,0.555756081816681,"05","2000_2009"
"148",2002,8466321,"CALIFORNIA",7949051,0.938902623701605,"06","2000_2009"
"149",2002,4346955,"COLORADO",2178748,0.501212457915943,"08","2000_2009"
"150",2002,131248,"CONNECTICUT",10010,0.0762678288431062,"09","2000_2009"
"151",2002,433105,"DELAWARE",97024,0.224019579547685,"10","2000_2009"
"152",2002,2313537,"FLORIDA",1696259,0.733188619849175,"12","2000_2009"
"153",2002,3245784,"GEORGIA",848024,0.261269388227929,"13","2000_2009"
"154",2002,4313288,"IDAHO",2829982,0.656107823080675,"16","2000_2009"
"155",2002,22562904,"ILLINOIS",390480,0.0173062829146461,"17","2000_2009"
"156",2002,11937370,"INDIANA",311963,0.026133310771133,"18","2000_2009"
"157",2002,23994343,"IOWA",141438,0.00589463941563226,"19","2000_2009"
"158",2002,18976719,"KANSAS",2665750,0.140474757517356,"20","2000_2009"
"159",2002,4978994,"KENTUCKY",36718,0.00737458209429455,"21","2000_2009"
"160",2002,3332146,"LOUISIANA",928050,0.278514206760448,"22","2000_2009"
"161",2002,394121,"MAINE",19592,0.0497106218648588,"23","2000_2009"
"162",2002,1282004,"MARYLAND",79858,0.0622915373118961,"24","2000_2009"
"163",2002,159253,"MASSACHUSETTS",23509,0.147620452989897,"25","2000_2009"
"164",2002,6827903,"MICHIGAN",453968,0.0664871776883767,"26","2000_2009"
"165",2002,19398309,"MINNESOTA",449734,0.0231841857968135,"27","2000_2009"
"166",2002,4139341,"MISSISSIPPI",1174964,0.283852912818731,"28","2000_2009"
"167",2002,13137184,"MISSOURI",1027214,0.0781913384177309,"29","2000_2009"
"168",2002,8742111,"MONTANA",1556656,0.178064085436572,"30","2000_2009"
"169",2002,17336624,"NEBRASKA",7506900,0.433008179677889,"31","2000_2009"
"170",2002,549076,"NEVADA",534652,0.973730412547625,"32","2000_2009"
"171",2002,95983,"NEW HAMPSHIRE",2256,0.0235041621953888,"33","2000_2009"
"172",2002,444670,"NEW JERSEY",95793,0.21542492185216,"34","2000_2009"
"173",2002,856166,"NEW MEXICO",654172,0.764071453433096,"35","2000_2009"
"174",2002,3846368,"NEW YORK",68914,0.0179166424013511,"36","2000_2009"
"175",2002,4308209,"NORTH CAROLINA",238345,0.0553234534350585,"37","2000_2009"
"176",2002,19908697,"NORTH DAKOTA",201019,0.0100970445228033,"38","2000_2009"
"177",2002,10041416,"OHIO",39881,0.00397165101017625,"39","2000_2009"
"178",2002,7705860,"OKLAHOMA",470943,0.0611149177379293,"40","2000_2009"
"179",2002,3119384,"OREGON",1415826,0.453879996819885,"41","2000_2009"
"180",2002,4079276,"PENNSYLVANIA",40880,0.0100213861479341,"42","2000_2009"
"181",2002,17820,"RHODE ISLAND",3948,0.221548821548822,"44","2000_2009"
"182",2002,1374617,"SOUTH CAROLINA",91795,0.0667786008757348,"45","2000_2009"
"183",2002,13492286,"SOUTH DAKOTA",384170,0.0284733068955105,"46","2000_2009"
"184",2002,4365360,"TENNESSEE",58356,0.0133679696519875,"47","2000_2009"
"185",2002,17750938,"TEXAS",4571339,0.257526616339937,"48","2000_2009"
"186",2002,961037,"UTAH",780235,0.811867805297819,"49","2000_2009"
"187",2002,454699,"VERMONT",2165,0.00476139160191687,"50","2000_2009"
"188",2002,2623776,"VIRGINIA",95293,0.0363190302830729,"51","2000_2009"
"189",2002,4894634,"WASHINGTON",1669928,0.341175254370398,"53","2000_2009"
"190",2002,648635,"WEST VIRGINIA",0,0,"54","2000_2009"
"191",2002,8928083,"WISCONSIN",380385,0.0426054506885745,"55","2000_2009"
"192",2002,1298709,"WYOMING",960430,0.739526714606582,"56","2000_2009"
"193",1997,2179636,"ALABAMA",73490,0.0337166389250315,"01","1990_1999"
"194",1997,1026359,"ARIZONA",1020622,0.994410337903209,"04","1990_1999"
"195",1997,7814711,"ARKANSAS",3772697,0.48276858862727,"05","1990_1999"
"196",1997,8676242,"CALIFORNIA",8101078,0.933708165355462,"06","1990_1999"
"197",1997,6099357,"COLORADO",2728402,0.447326168971582,"08","1990_1999"
"198",1997,153446,"CONNECTICUT",7564,0.0492942142512675,"09","1990_1999"
"199",1997,469920,"DELAWARE",74733,0.159033452502554,"10","1990_1999"
"200",1997,2434379,"FLORIDA",1739729,0.71465001957378,"12","1990_1999"
"201",1997,3894737,"GEORGIA",760601,0.195289438028807,"13","1990_1999"
"202",1997,4581227,"IDAHO",3102326,0.67718233564938,"16","1990_1999"
"203",1997,22428616,"ILLINOIS",350118,0.0156103256661044,"17","1990_1999"
"204",1997,11844628,"INDIANA",254285,0.0214683821222583,"18","1990_1999"
"205",1997,24008826,"IOWA",130557,0.00543787522138733,"19","1990_1999"
"206",1997,20989979,"KANSAS",2654630,0.12647130328239,"20","1990_1999"
"207",1997,4853500,"KENTUCKY",56366,0.0116134748119913,"21","1990_1999"
"208",1997,4022664,"LOUISIANA",951114,0.236438837546462,"22","1990_1999"
"209",1997,426711,"MAINE",22014,0.0515899519815519,"23","1990_1999"
"210",1997,1377747,"MARYLAND",68094,0.0494241685882822,"24","1990_1999"
"211",1997,184480,"MASSACHUSETTS",26465,0.143457285342585,"25","1990_1999"
"212",1997,6989300,"MICHIGAN",403927,0.0577921966434407,"26","1990_1999"
"213",1997,19794078,"MINNESOTA",399440,0.0201797729603773,"27","1990_1999"
"214",1997,4519775,"MISSISSIPPI",1109779,0.245538550038442,"28","1990_1999"
"215",1997,12850509,"MISSOURI",916926,0.0713532825820362,"29","1990_1999"
"216",1997,9792216,"MONTANA",1620083,0.165446003233589,"30","1990_1999"
"217",1997,17897591,"NEBRASKA",6955031,0.388601516259926,"31","1990_1999"
"218",1997,526408,"NEVADA",526204,0.999612467895625,"32","1990_1999"
"219",1997,111870,"NEW HAMPSHIRE",2612,0.0233485295432198,"33","1990_1999"
"220",1997,498912,"NEW JERSEY",93461,0.187329629273299,"34","1990_1999"
"221",1997,1118176,"NEW MEXICO",708387,0.633520125633174,"35","1990_1999"
"222",1997,3855732,"NEW YORK",71134,0.0184488963444555,"36","1990_1999"
"223",1997,4269966,"NORTH CAROLINA",145853,0.0341578832243629,"37","1990_1999"
"224",1997,20674991,"NORTH DAKOTA",178784,0.00864735563851031,"38","1990_1999"
"225",1997,10070813,"OHIO",34496,0.00342534411074856,"39","1990_1999"
"226",1997,8964248,"OKLAHOMA",466620,0.0520534460893987,"40","1990_1999"
"227",1997,3258082,"OREGON",1421750,0.436376371128781,"41","1990_1999"
"228",1997,4219115,"PENNSYLVANIA",38636,0.00915737068081813,"42","1990_1999"
"229",1997,21537,"RHODE ISLAND",3228,0.149881599108511,"44","1990_1999"
"230",1997,1732870,"SOUTH CAROLINA",87382,0.0504261716112576,"45","1990_1999"
"231",1997,14770445,"SOUTH DAKOTA",354992,0.0240339407512773,"46","1990_1999"
"232",1997,4233018,"TENNESSEE",44700,0.0105598417015945,"47","1990_1999"
"233",1997,20357767,"TEXAS",5411100,0.265800271709564,"48","1990_1999"
"234",1997,1113756,"UTAH",878258,0.788555123384296,"49","1990_1999"
"235",1997,473026,"VERMONT",2683,0.00567199266002292,"50","1990_1999"
"236",1997,2600860,"VIRGINIA",83101,0.0319513545519559,"51","1990_1999"
"237",1997,5160717,"WASHINGTON",1664494,0.322531539706595,"53","1990_1999"
"238",1997,661882,"WEST VIRGINIA",2990,0.00451742153435205,"54","1990_1999"
"239",1997,8996941,"WISCONSIN",356203,0.0395915678451154,"55","1990_1999"
"240",1997,1801314,"WYOMING",1196663,0.664327818470294,"56","1990_1999"
"241",1982,3265361,"ALABAMA",63448,0.0194306234440847,"01","1980_1989"
"242",1987,2231623,"ALABAMA",75894,0.0340084324278787,"01","1980_1989"
"243",1992,2104064,"ALABAMA",77263,0.0367208411911425,"01","1990_1999"
"244",1982,1047213,"ARIZONA",1042527,0.995525265633639,"04","1980_1989"
"245",1987,865817,"ARIZONA",859654,0.992881867646396,"04","1980_1989"
"246",1992,911355,"ARIZONA",905892,0.994005628981023,"04","1990_1999"
"247",1982,7484316,"ARKANSAS",2019406,0.269818377524412,"05","1980_1989"
"248",1987,6477365,"ARKANSAS",2396987,0.370055879203966,"05","1980_1989"
"249",1992,7295095,"ARKANSAS",2691480,0.368943790313903,"05","1990_1999"
"250",1982,8764808,"CALIFORNIA",7787078,0.888448212442303,"06","1980_1989"
"251",1987,7676287,"CALIFORNIA",6964100,0.907222463151782,"06","1980_1989"
"252",1992,7760773,"CALIFORNIA",7026146,0.905341001469828,"06","1990_1999"
"253",1982,6036679,"COLORADO",2656328,0.440031348362237,"08","1980_1989"
"254",1987,5522216,"COLORADO",2442358,0.442278606994004,"08","1980_1989"
"255",1992,5532964,"COLORADO",2649111,0.47878695758729,"08","1990_1999"
"256",1982,171229,"CONNECTICUT",6650,0.0388368792669466,"09","1980_1989"
"257",1987,153715,"CONNECTICUT",6840,0.044497934489152,"09","1980_1989"
"258",1992,143782,"CONNECTICUT",5449,0.0378976506099512,"09","1990_1999"
"259",1982,499986,"DELAWARE",44014,0.0880304648530159,"10","1980_1989"
"260",1987,441502,"DELAWARE",60744,0.137584880702692,"10","1980_1989"
"261",1992,470348,"DELAWARE",61594,0.130954102069106,"10","1990_1999"
"262",1982,2643147,"FLORIDA",1303315,0.49309213600303,"12","1980_1989"
"263",1987,2240831,"FLORIDA",1395612,0.622810020032747,"12","1980_1989"
"264",1992,2400704,"FLORIDA",1624498,0.676675675135294,"12","1990_1999"
"265",1982,4761260,"GEORGIA",567378,0.119165515010732,"13","1980_1989"
"266",1987,3298268,"GEORGIA",627311,0.190194065491343,"13","1980_1989"
"267",1992,3332666,"GEORGIA",713047,0.213956934178222,"13","1990_1999"
"268",1982,4887805,"IDAHO",3037603,0.621465668127104,"16","1980_1989"
"269",1987,4349122,"IDAHO",2811354,0.646418748427844,"16","1980_1989"
"270",1992,4225273,"IDAHO",2882199,0.682133201807315,"16","1990_1999"
"271",1982,23008244,"ILLINOIS",163112,0.00708928504061414,"17","1980_1989"
"272",1987,20102388,"ILLINOIS",205469,0.0102211239779075,"17","1980_1989"
"273",1992,21868287,"ILLINOIS",325691,0.0148933018850539,"17","1990_1999"
"274",1982,12136310,"INDIANA",131251,0.0108147369340434,"18","1980_1989"
"275",1987,10706298,"INDIANA",167706,0.0156642380027158,"18","1980_1989"
"276",1992,11834675,"INDIANA",239755,0.0202586889796298,"18","1990_1999"
"277",1982,24137670,"IOWA",91175,0.00377729084870246,"19","1980_1989"
"278",1987,20484178,"IOWA",91598,0.0044716463604251,"19","1980_1989"
"279",1992,22826308,"IOWA",114911,0.00503414744075126,"19","1990_1999"
"280",1982,20186874,"KANSAS",2639024,0.130729700893759,"20","1980_1989"
"281",1987,17729394,"KANSAS",2408176,0.135829572065464,"20","1980_1989"
"282",1992,18794787,"KANSAS",2626318,0.139736513108661,"20","1990_1999"
"283",1982,4835631,"KENTUCKY",21503,0.00444678264325793,"21","1980_1989"
"284",1987,4250284,"KENTUCKY",31903,0.00750608665209195,"21","1980_1989"
"285",1992,4417651,"KENTUCKY",25300,0.00572702551650187,"21","1990_1999"
"286",1982,4699323,"LOUISIANA",686489,0.146082531462511,"22","1980_1989"
"287",1987,3599678,"LOUISIANA",634834,0.176358552070491,"22","1980_1989"
"288",1992,3810690,"LOUISIANA",885969,0.232495689756973,"22","1990_1999"
"289",1982,457076,"MAINE",5825,0.0127440513175052,"23","1980_1989"
"290",1987,410891,"MAINE",5998,0.0145975453344074,"23","1980_1989"
"291",1992,399755,"MAINE",10108,0.0252854873610086,"23","1990_1999"
"292",1982,1528994,"MARYLAND",38219,0.0249961739549011,"24","1980_1989"
"293",1987,1346913,"MARYLAND",50077,0.0371790902604697,"24","1980_1989"
"294",1992,1397069,"MARYLAND",56332,0.040321558920855,"24","1990_1999"
"295",1982,197769,"MASSACHUSETTS",17012,0.0860195480585936,"25","1980_1989"
"296",1987,194874,"MASSACHUSETTS",19566,0.10040333754118,"25","1980_1989"
"297",1992,173255,"MASSACHUSETTS",19622,0.1132550287149,"25","1990_1999"
"298",1982,7255909,"MICHIGAN",284047,0.0391469904046481,"26","1980_1989"
"299",1987,6172468,"MICHIGAN",312073,0.050558868834962,"26","1980_1989"
"300",1992,6584251,"MICHIGAN",364718,0.055392481240463,"26","1990_1999"
"301",1982,19722645,"MINNESOTA",312667,0.0158531981891881,"27","1980_1989"
"302",1987,16635264,"MINNESOTA",348500,0.0209494721574602,"27","1980_1989"
"303",1992,18201061,"MINNESOTA",365305,0.0200705332507814,"27","1990_1999"
"304",1982,5799772,"MISSISSIPPI",429447,0.074045496960915,"28","1980_1989"
"305",1987,4272651,"MISSISSIPPI",632791,0.148102665066723,"28","1980_1989"
"306",1992,4404612,"MISSISSIPPI",878992,0.199561732111705,"28","1990_1999"
"307",1982,12725378,"MISSOURI",400668,0.0314857444706161,"29","1980_1989"
"308",1987,11655304,"MISSOURI",529342,0.0454164044112449,"29","1980_1989"
"309",1992,12158832,"MISSOURI",704928,0.0579766214386382,"29","1990_1999"
"310",1982,9365775,"MONTANA",1537067,0.16411530279128,"30","1980_1989"
"311",1987,9128013,"MONTANA",1541977,0.168928002184046,"30","1980_1989"
"312",1992,8199296,"MONTANA",1513042,0.184533159920071,"30","1990_1999"
"313",1982,17075625,"NEBRASKA",5948974,0.348389824676988,"31","1980_1989"
"314",1987,15276151,"NEBRASKA",5561530,0.364066183949085,"31","1980_1989"
"315",1992,16146818,"NEBRASKA",6221357,0.385299258343037,"31","1990_1999"
"316",1982,605082,"NEVADA",602082,0.995041994308209,"32","1980_1989"
"317",1987,526067,"NEVADA",524067,0.996198202890506,"32","1980_1989"
"318",1992,408568,"NEVADA",408568,1,"32","1990_1999"
"319",1982,116613,"NEW HAMPSHIRE",1272,0.0109078747652492,"33","1980_1989"
"320",1987,106629,"NEW HAMPSHIRE",1504,0.0141049808213525,"33","1980_1989"
"321",1992,100746,"NEW HAMPSHIRE",1736,0.0172314533579497,"33","1990_1999"
"322",1982,570031,"NEW JERSEY",81840,0.143571139113487,"34","1980_1989"
"323",1987,484805,"NEW JERSEY",89961,0.185561205020575,"34","1980_1989"
"324",1992,491518,"NEW JERSEY",79745,0.162242278004061,"34","1990_1999"
"325",1982,1297305,"NEW MEXICO",702040,0.541152620239651,"35","1980_1989"
"326",1987,989214,"NEW MEXICO",606344,0.612955336256867,"35","1980_1989"
"327",1992,1060345,"NEW MEXICO",627553,0.591838505392113,"35","1990_1999"
"328",1982,4430198,"NEW YORK",50673,0.0114380892231002,"36","1980_1989"
"329",1987,3899819,"NEW YORK",48613,0.0124654503196174,"36","1980_1989"
"330",1992,3534898,"NEW YORK",44943,0.0127140867996757,"36","1990_1999"
"331",1982,4659283,"NORTH CAROLINA",79607,0.0170856760578827,"37","1980_1989"
"332",1987,3779164,"NORTH CAROLINA",135368,0.0358195622100549,"37","1980_1989"
"333",1992,3998685,"NORTH CAROLINA",105667,0.0264254373625329,"37","1990_1999"
"334",1982,20308135,"NORTH DAKOTA",160726,0.00791436535161895,"38","1980_1989"
"335",1987,18363910,"NORTH DAKOTA",162078,0.00882589818834878,"38","1980_1989"
"336",1992,19216531,"NORTH DAKOTA",181878,0.00946466352329669,"38","1990_1999"
"337",1982,10396323,"OHIO",27338,0.00262958355564751,"39","1980_1989"
"338",1987,9297596,"OHIO",31247,0.00336076121182293,"39","1980_1989"
"339",1992,9790327,"OHIO",28423,0.00290317167138544,"39","1990_1999"
"340",1982,8961353,"OKLAHOMA",468043,0.0522290551437936,"40","1980_1989"
"341",1987,7319193,"OKLAHOMA",448809,0.0613194651377549,"40","1980_1989"
"342",1992,8272889,"OKLAHOMA",478068,0.0577873098502833,"40","1990_1999"
"343",1982,3305714,"OREGON",1376498,0.416399603837477,"41","1980_1989"
"344",1987,2832663,"OREGON",1228388,0.433651302678787,"41","1980_1989"
"345",1992,2823972,"OREGON",1237787,0.438314190084038,"41","1990_1999"
"346",1982,4363789,"PENNSYLVANIA",17692,0.00405427485151092,"42","1980_1989"
"347",1987,4080153,"PENNSYLVANIA",28436,0.00696934649264378,"42","1980_1989"
"348",1992,3861435,"PENNSYLVANIA",22519,0.00583176979542579,"42","1990_1999"
"349",1982,21252,"RHODE ISLAND",1828,0.0860154338415208,"44","1980_1989"
"350",1987,18498,"RHODE ISLAND",3116,0.168450643312791,"44","1980_1989"
"351",1992,18136,"RHODE ISLAND",2961,0.163266431407146,"44","1990_1999"
"352",1982,2474025,"SOUTH CAROLINA",80738,0.0326342700659856,"45","1980_1989"
"353",1987,1589636,"SOUTH CAROLINA",78569,0.0494257804931443,"45","1980_1989"
"354",1992,1590794,"SOUTH CAROLINA",73312,0.046085162503756,"45","1990_1999"
"355",1982,14433490,"SOUTH DAKOTA",364657,0.0252646449334153,"46","1980_1989"
"356",1987,12982611,"SOUTH DAKOTA",350822,0.0270224533416275,"46","1980_1989"
"357",1992,13624006,"SOUTH DAKOTA",357602,0.026247933243717,"46","1990_1999"
"358",1982,4548895,"TENNESSEE",16382,0.00360131416530828,"47","1980_1989"
"359",1987,3854302,"TENNESSEE",34886,0.00905118488379997,"47","1980_1989"
"360",1992,3817720,"TENNESSEE",34714,0.00909286170803516,"47","1990_1999"
"361",1982,20761160,"TEXAS",5319716,0.256234044725825,"48","1980_1989"
"362",1987,16521315,"TEXAS",4020802,0.243370579157894,"48","1980_1989"
"363",1992,18136653,"TEXAS",4673125,0.257661929133231,"48","1990_1999"
"364",1982,1118486,"UTAH",821839,0.734778083945619,"49","1980_1989"
"365",1987,1076886,"UTAH",829732,0.770491955508754,"49","1980_1989"
"366",1992,1043347,"UTAH",819877,0.78581430722473,"49","1990_1999"
"367",1982,547848,"VERMONT",1246,0.00227435347030563,"50","1980_1989"
"368",1987,488253,"VERMONT",1782,0.00364974715977168,"50","1980_1989"
"369",1992,477020,"VERMONT",2037,0.00427026120498092,"50","1990_1999"
"370",1982,2779282,"VIRGINIA",42400,0.0152557387123725,"51","1980_1989"
"371",1987,2406976,"VIRGINIA",77204,0.0320751017043793,"51","1980_1989"
"372",1992,2449013,"VIRGINIA",60722,0.0247944784286568,"51","1990_1999"
"373",1982,5278772,"WASHINGTON",1499888,0.284135780064,"53","1980_1989"
"374",1987,4597476,"WASHINGTON",1378065,0.299743815954667,"53","1980_1989"
"375",1992,4734673,"WASHINGTON",1519125,0.320851091511494,"53","1990_1999"
"376",1982,576889,"WEST VIRGINIA",871,0.00150982251351647,"54","1980_1989"
"377",1987,553517,"WEST VIRGINIA",2697,0.00487247907471677,"54","1980_1989"
"378",1992,555818,"WEST VIRGINIA",2459,0.00442411005041219,"54","1990_1999"
"379",1982,10062154,"WISCONSIN",257707,0.0256115141946744,"55","1980_1989"
"380",1987,9335007,"WISCONSIN",280624,0.0300614664777434,"55","1980_1989"
"381",1992,8843649,"WISCONSIN",325574,0.0368144416405491,"55","1990_1999"
"382",1982,1813830,"WYOMING",1146996,0.632361356907759,"56","1980_1989"
"383",1987,1717027,"WYOMING",1132266,0.659434010065072,"56","1980_1989"
"384",1992,1532732,"WYOMING",1099037,0.717044467004016,"56","1990_1999"
