"","fips","Value"
"1","01001",25954
"2","01003",87480.8
"3","01005",27277.8
"4","01007",6711
"5","01009",28840.8
"6","01011",11608
"7","01013",14536.4
"8","01015",19362.2
"9","01017",8841.8
"10","01019",46320.4
"11","01021",16815.6
"12","01023",5410.8
"13","01025",6855.2
"14","01027",8590.4
"15","01029",6163.8
"16","01031",54593.6
"17","01033",54345.4
"18","01035",15222.8
"19","01037",3905.2
"20","01039",44407
"21","01041",17270.2
"22","01043",51623.8
"23","01045",36529.4
"24","01047",45051
"25","01049",66455.2
"26","01051",29018.8
"27","01053",40189.8
"28","01055",19541.6
"29","01057",16657.2
"30","01059",22407.4
"31","01061",66100.2
"32","01063",11540
"33","01065",19092.6
"34","01067",60582.6
"35","01069",87238.8
"36","01071",79798.2
"37","01073",6880
"38","01075",10472.2
"39","01077",80585.8
"40","01079",89203.8
"41","01081",7611.2
"42","01083",119495.4
"43","01085",28541
"44","01087",17632.6
"45","01089",108301
"46","01091",21957.8
"47","01093",16795.8
"48","01095",37850.8
"49","01097",30924.2
"50","01099",36827.2
"51","01101",31846.8
"52","01103",44144.8
"53","01105",23309.2
"54","01107",19311
"55","01109",30802.2
"56","01111",10079
"57","01113",17160.8
"58","01115",12733.4
"59","01117",17072.8
"60","01119",15732.8
"61","01121",30716
"62","01123",6384.4
"63","01125",21351
"64","01127",13202.2
"65","01129",12171.2
"66","01131",14495.8
"67","01133",10730
"68","02",11185.5384615385
"69","04001",6497.75
"70","04003",66006
"71","04005",1252.8
"72","04007",740.75
"73","04009",36130.8
"74","04011",3241.5
"75","04012",101750.6
"76","04013",222948.6
"77","04015",17684.3333333333
"78","04017",5931
"79","04019",30037.6
"80","04021",222878.6
"81","04023",728.2
"82","04025",4513.6
"83","04027",190943
"84","05001",339893.4
"85","05003",110535
"86","05005",10723
"87","05007",74229.8
"88","05009",31737.6
"89","05011",5917
"90","05013",3082.8
"91","05015",40984.4
"92","05017",231602.2
"93","05019",21320
"94","05021",275283.2
"95","05023",25773
"96","05025",6538.8
"97","05027",10301.8
"98","05029",66142.8
"99","05031",303642.2
"100","05033",43177
"101","05035",288992
"102","05037",261358.4
"103","05039",3550.4
"104","05041",251969.4
"105","05043",74374.8
"106","05045",52509
"107","05047",42674.2
"108","05049",19822.2
"109","05051",6565.4
"110","05053",8621.4
"111","05055",205627.4
"112","05057",40041.2
"113","05059",15086.8
"114","05061",23863.8
"115","05063",80360
"116","05065",19366
"117","05067",254496.6
"118","05069",241670.8
"119","05071",32548.2
"120","05073",45280.8
"121","05075",188081
"122","05077",254289.4
"123","05079",142067.2
"124","05081",49645.6
"125","05083",54444.8
"126","05085",263608.6
"127","05087",46261.4
"128","05089",14013
"129","05091",60409
"130","05093",452427.2
"131","05095",205150.8
"132","05097",16984
"133","05099",15701.4
"134","05101",11930
"135","05103",5562.8
"136","05105",23327.2
"137","05107",348855.2
"138","05109",15028.6
"139","05111",336632
"140","05113",25855.6
"141","05115",46372.8
"142","05117",214668.4
"143","05119",51488.8
"144","05121",99934.4
"145","05123",231773.4
"146","05125",11814.8
"147","05127",24411
"148","05129",20533.6
"149","05131",27216.8
"150","05133",25240.8
"151","05135",18875
"152","05137",20241.8
"153","05139",6501.6
"154","05141",21863.4
"155","05143",77589.2
"156","05145",130862.6
"157","05147",229634.2
"158","05149",51943.6
"159","06001",9793.4
"160","06003",490
"161","06005",7434.4
"162","06007",208845.2
"163","06009",3277.6
"164","06011",275170
"165","06013",28402.8
"166","06015",4340.8
"167","06017",5608
"168","06019",1042798.4
"169","06021",229501.4
"170","06023",14312.8
"171","06025",444630
"172","06027",3022.66666666667
"173","06029",789599.6
"174","06031",418226
"175","06033",20557
"176","06035",42500.6
"177","06037",25511.2
"178","06039",292902.6
"179","06041",6707.6
"180","06043",569.2
"181","06045",30959
"182","06047",473403.6
"183","06049",114087
"184","06051",9348.8
"185","06053",271358
"186","06055",53228.2
"187","06057",2516.4
"188","06059",9483
"189","06061",22115.6
"190","06063",11983.6
"191","06065",181556.4
"192","06067",110811
"193","06069",30574.2
"194","06071",30309.8
"195","06073",64860
"196","06077",487371.8
"197","06079",105355.8
"198","06081",5119.2
"199","06083",105395.2
"200","06085",23151.8
"201","06087",23847
"202","06089",23549.6
"203","06091",3115.75
"204","06093",108614
"205","06095",128692.4
"206","06097",90227.2
"207","06099",335460.2
"208","06101",250565.8
"209","06103",65524.4
"210","06105",1024.6
"211","06107",620967.4
"212","06109",966.2
"213","06111",100364.8
"214","06113",285318.4
"215","06115",72150.8
"216","08001",272279.6
"217","08003",67280.4
"218","08005",66713.6
"219","08007",6626.4
"220","08009",320490.5
"221","08011",63507.5
"222","08013",34000.2
"223","08014",2616
"224","08015",11944
"225","08017",266677
"226","08019",348
"227","08021",84393.4
"228","08023",35554
"229","08025",20073
"230","08027",13932.4
"231","08029",43404.6
"232","08031",40.6666666666667
"233","08033",32710
"234","08035",12860.8
"235","08037",10402
"236","08039",76163.2
"237","08041",21443
"238","08043",8933.6
"239","08045",31480.8
"240","08047",145
"241","08049",27132.8
"242","08051",31261.8
"243","08053",654.25
"244","08055",11600.75
"245","08057",60315.2
"246","08059",5617
"247","08061",270433
"248","08063",422959.2
"249","08065",375.5
"250","08067",38873.2
"251","08069",73201.2
"252","08071",21959.2
"253","08073",215224.5
"254","08075",294752.8
"255","08077",52422
"256","08079",540
"257","08081",46970.5
"258","08083",59137.6
"259","08085",57401
"260","08087",190816
"261","08089",47968
"262","08091",8398.33333333333
"263","08093",7423.2
"264","08095",239537.2
"265","08097",4256.8
"266","08099",217881
"267","08101",25021.75
"268","08103",25678.75
"269","08105",89224.8
"270","08107",51674
"271","08109",95226.8
"272","08113",6692.2
"273","08115",133850
"274","08117",4072.6
"275","08119",1863.75
"276","08121",402171
"277","08123",473962.6
"278","08125",401458.6
"279","09001",4297.2
"280","09003",23016.8
"281","09005",33216.2
"282","09007",6473.6
"283","09009",10792.2
"284","09011",20829.2
"285","09013",14226.6
"286","09015",21235.4
"287","10001",148121.4
"288","10003",54045.4
"289","10005",231613
"290","12001",38368.6
"291","12003",2180
"292","12005",1893.2
"293","12007",6132.2
"294","12009",16028.6
"295","12011",3011.8
"296","12013",18235.8
"297","12015",19437.5
"298","12017",5963.8
"299","12019",3072.2
"300","12021",40080.5
"301","12023",17116
"302","12027",72323.4
"303","12029",5935.6
"304","12031",4263.6
"305","12033",32980.4
"306","12035",6683.75
"307","12037",658
"308","12039",10418.6
"309","12041",24747
"310","12043",40947.6
"311","12045",340.4
"312","12047",15687.8
"313","12049",58542.4
"314","12051",186143.2
"315","12053",9596.8
"316","12055",82783.8
"317","12057",48716.8
"318","12059",21506.6
"319","12061",57848.6
"320","12063",95153.6
"321","12065",14439.4
"322","12067",14829.6
"323","12069",33271.4
"324","12071",20877
"325","12073",4489.4
"326","12075",42385.8
"327","12077",452.2
"328","12079",26234.4
"329","12081",60655.6
"330","12083",38940.8
"331","12085",45997
"332","12086",56033.4
"333","12087",97.5
"334","12089",2794
"335","12091",11739.2
"336","12093",33377.4
"337","12095",17037.4
"338","12097",25658.8
"339","12099",410284.6
"340","12101",20638.6
"341","12103",500
"342","12105",118126.6
"343","12107",9479.2
"344","12109",18747
"345","12111",75650.8
"346","12113",45779.6
"347","12115",5685.6
"348","12117",2704.4
"349","12119",15476.8
"350","12121",52963.8
"351","12123",1361.6
"352","12125",6731.2
"353","12127",15447.2
"354","12129",1079.8
"355","12131",15911.8
"356","12133",11766.4
"357","13001",59708
"358","13003",27800.4
"359","13005",25351.2
"360","13007",45202.2
"361","13009",3447.2
"362","13011",7821.6
"363","13013",5358.4
"364","13015",17948.8
"365","13017",25340.8
"366","13019",57647.2
"367","13021",3954.8
"368","13023",30466.2
"369","13025",4778.6
"370","13027",77683.8
"371","13029",4082.6
"372","13031",104670.8
"373","13033",84584
"374","13035",3735.8
"375","13037",57328
"376","13039",239.5
"377","13043",22481.8
"378","13045",13416.6
"379","13047",6303.8
"380","13049",1412.8
"381","13051",715.2
"382","13053",193.666666666667
"383","13055",11168
"384","13057",4384.8
"385","13059",1868.4
"386","13061",19032
"387","13063",422.2
"388","13065",3504.6
"389","13067",817.2
"390","13069",78996.2
"391","13071",110221.8
"392","13073",1818.6
"393","13075",38563.4
"394","13077",8208.8
"395","13079",10079.2
"396","13081",62478.2
"397","13083",4442
"398","13085",2518.4
"399","13087",98542.2
"400","13089",175.5
"401","13091",30508.8
"402","13093",101144
"403","13095",24513.4
"404","13097",1604.8
"405","13099",78579
"406","13101",5192.8
"407","13103",16169.2
"408","13105",12351.2
"409","13107",44176.2
"410","13109",13533.2
"411","13111",2936.4
"412","13113",2398.2
"413","13115",17613
"414","13117",3940.2
"415","13119",15467.2
"416","13121",2357.2
"417","13123",4257.2
"418","13125",4082.6
"419","13127",197.25
"420","13129",24687.4
"421","13131",51027.2
"422","13133",8170.2
"423","13135",2021.4
"424","13137",6962.2
"425","13139",9756.8
"426","13141",3086
"427","13143",5073
"428","13145",5158
"429","13147",17750.4
"430","13149",3461.8
"431","13151",5325.6
"432","13153",25014.2
"433","13155",75903.2
"434","13157",15092.8
"435","13159",5946.8
"436","13161",34401.2
"437","13163",57402.2
"438","13165",31302.2
"439","13167",15496.4
"440","13169",4644
"441","13171",9670.8
"442","13173",18133.4
"443","13175",39810
"444","13177",51381.8
"445","13179",681.75
"446","13181",2836.4
"447","13183",2381
"448","13185",21766.2
"449","13187",3157
"450","13189",6107.6
"451","13191",308.4
"452","13193",47915.2
"453","13195",14862.2
"454","13197",10173.2
"455","13199",9585.2
"456","13201",57389.6
"457","13205",110271
"458","13207",4371.8
"459","13209",13490.6
"460","13211",20715.8
"461","13213",11145.6
"462","13215",829
"463","13217",6948
"464","13219",8500.6
"465","13221",11635
"466","13223",2382.2
"467","13225",23963.8
"468","13227",3196.2
"469","13229",36153.2
"470","13231",6591
"471","13233",13553.2
"472","13235",37378.6
"473","13237",8035.4
"474","13239",3242.5
"475","13241",2445.4
"476","13243",47047.4
"477","13245",3272.2
"478","13247",1131
"479","13249",6223.4
"480","13251",64197.2
"481","13253",60815.2
"482","13255",4204.4
"483","13257",3548.4
"484","13259",8350.4
"485","13261",80028.6
"486","13263",3017
"487","13265",2430.2
"488","13267",44223.8
"489","13269",18185.2
"490","13271",14743
"491","13273",66097.8
"492","13275",70705.4
"493","13277",57152
"494","13279",26958.8
"495","13281",1865.8
"496","13283",7089
"497","13285",4739
"498","13287",51643.6
"499","13289",9765
"500","13291",5199.4
"501","13293",5715.8
"502","13295",19132
"503","13297",11134
"504","13299",16187.4
"505","13301",5621.8
"506","13303",28760.6
"507","13305",23845.4
"508","13307",20674.8
"509","13309",9031
"510","13311",5490.8
"511","13313",8447.8
"512","13315",54730.8
"513","13317",12290.2
"514","13319",3853.2
"515","13321",108343.6
"516","15001",52112
"517","15003",13073.5
"518","15007",10977.6
"519","15009",23576.75
"520","16001",56356.6
"521","16003",13502.4
"522","16005",82788.4
"523","16007",67838
"524","16009",64849.8
"525","16011",317823.6
"526","16013",39044
"527","16015",1985.4
"528","16017",20454.6
"529","16019",195779.4
"530","16021",39234.4
"531","16023",56553.4
"532","16025",67814.4
"533","16027",190078.6
"534","16029",143330.8
"535","16031",271565.6
"536","16033",36662.8
"537","16035",24508.4
"538","16037",32806
"539","16039",97786.6
"540","16041",79608.2
"541","16043",147972.6
"542","16045",25806
"543","16047",115224.6
"544","16049",142393.8
"545","16051",197706.8
"546","16053",138380
"547","16055",48516.2
"548","16057",190862.4
"549","16059",40605.6
"550","16061",133930
"551","16063",60505.2
"552","16065",141484
"553","16067",198859.4
"554","16069",174665.6
"555","16071",81020.6
"556","16073",112898
"557","16075",45600.6
"558","16077",181543.8
"559","16079",591.8
"560","16081",68435.8
"561","16083",234669
"562","16085",5307.6
"563","16087",52860
"564","17001",297567.6
"565","17003",45979.2
"566","17005",160578.4
"567","17007",121887
"568","17009",75790.4
"569","17011",415773.6
"570","17013",42578.4
"571","17015",202936.2
"572","17017",144159.8
"573","17019",546247.4
"574","17021",373916.2
"575","17023",213523.6
"576","17025",196210
"577","17027",221403
"578","17029",226419.2
"579","17031",12511
"580","17033",173162.2
"581","17035",133603.4
"582","17037",355214
"583","17039",182664.8
"584","17041",233768
"585","17043",6176.8
"586","17045",311651.6
"587","17047",87540
"588","17049",218476.6
"589","17051",255736.8
"590","17053",271111.6
"591","17055",135992.2
"592","17057",275010.8
"593","17059",152882
"594","17061",225962.6
"595","17063",201411.2
"596","17065",160831.2
"597","17067",321329.4
"598","17069",11571.4
"599","17071",149602
"600","17073",412436.8
"601","17075",622270.2
"602","17077",147923.6
"603","17079",211481.2
"604","17081",162176.8
"605","17083",131563.6
"606","17085",165807.8
"607","17087",35372
"608","17089",172817.8
"609","17091",328310.2
"610","17093",144342
"611","17095",301626.6
"612","17097",27684.4
"613","17099",553180.8
"614","17101",169386.6
"615","17103",360627.8
"616","17105",587530.4
"617","17107",325471.4
"618","17109",261207
"619","17111",198980.6
"620","17113",629665.8
"621","17115",289649.8
"622","17117",334786
"623","17119",260765.4
"624","17121",179744.6
"625","17123",177290.6
"626","17125",246954
"627","17127",71921.4
"628","17129",135469.2
"629","17131",231015.8
"630","17133",144820.2
"631","17135",326040.4
"632","17137",254929.8
"633","17139",174443.4
"634","17141",318259.8
"635","17143",209535.6
"636","17145",142153.2
"637","17147",247758
"638","17149",275398
"639","17151",23548.4
"640","17153",65210.4
"641","17155",52058.2
"642","17157",195543.8
"643","17159",163465
"644","17161",124615
"645","17163",237054.8
"646","17165",101988.4
"647","17167",449774.2
"648","17169",125814.2
"649","17171",105620.8
"650","17173",339397.8
"651","17175",158439.2
"652","17177",275762.8
"653","17179",288637.4
"654","17181",65974.4
"655","17183",420981.2
"656","17185",100034
"657","17187",278203.4
"658","17189",298979.6
"659","17191",255280.4
"660","17193",235894
"661","17195",339257.6
"662","17197",227058.6
"663","17199",52787
"664","17201",155811.4
"665","17203",266300.8
"666","18001",180836.8
"667","18003",232117.6
"668","18005",140514.6
"669","18007",244618.2
"670","18009",78271.8
"671","18011",209211.4
"672","18013",6256
"673","18015",188284.2
"674","18017",181470.8
"675","18019",58075
"676","18021",128124.8
"677","18023",226579.6
"678","18025",12622.2
"679","18027",170426.2
"680","18029",27650.6
"681","18031",168015.2
"682","18033",119015
"683","18035",155561
"684","18037",123601.4
"685","18039",143798
"686","18041",71489
"687","18043",11935.6
"688","18045",171062
"689","18047",79571.2
"690","18049",165067.2
"691","18051",206041.8
"692","18053",177501.4
"693","18055",112527.2
"694","18057",119183
"695","18059",155044.8
"696","18061",83126.2
"697","18063",159037.8
"698","18065",151914.8
"699","18067",139166.4
"700","18069",170889
"701","18071",143316.6
"702","18073",259078.4
"703","18075",160276.6
"704","18077",59839.8
"705","18079",88040.6
"706","18081",121377.4
"707","18083",276324.8
"708","18085",205436.8
"709","18087",125595.8
"710","18089",118066.6
"711","18091",214704.4
"712","18093",60780.4
"713","18095",201326.8
"714","18097",16427.2
"715","18099",164328.4
"716","18101",35248.4
"717","18103",159995.2
"718","18105",21887.8
"719","18107",249160.6
"720","18109",97987.8
"721","18111",169115.2
"722","18113",135073.4
"723","18115",9281.8
"724","18117",53861.6
"725","18119",53455.6
"726","18121",125041.6
"727","18123",29752.8
"728","18125",58109.4
"729","18127",113139.6
"730","18129",183206
"731","18131",200691.6
"732","18133",134599.2
"733","18135",210578.6
"734","18137",113697
"735","18139",194942.4
"736","18141",139240.2
"737","18143",40206.6
"738","18145",195695
"739","18147",118164.4
"740","18149",108315.4
"741","18151",75403.6
"742","18153",144458.6
"743","18155",22037.6
"744","18157",199125
"745","18159",147847.8
"746","18161",64736
"747","18163",66594.6
"748","18165",99224.8
"749","18167",96967.4
"750","18169",168184.4
"751","18171",157297.4
"752","18173",79017.6
"753","18175",115559.6
"754","18177",123341.8
"755","18179",192761.8
"756","18181",264596.8
"757","18183",125519.6
"758","19001",223737.2
"759","19003",133812.8
"760","19005",144643.4
"761","19007",88683.4
"762","19009",221022.6
"763","19011",347309.6
"764","19013",256128.6
"765","19015",279107.8
"766","19017",219187.4
"767","19019",303189.2
"768","19021",320726.8
"769","19023",300031.8
"770","19025",314645.4
"771","19027",308313.4
"772","19029",234882.8
"773","19031",277017.6
"774","19033",290621.6
"775","19035",276239.4
"776","19037",242029.2
"777","19039",75329.4
"778","19041",276087.6
"779","19043",256225.6
"780","19045",328127.2
"781","19047",361766.4
"782","19049",253703.8
"783","19051",107650.2
"784","19053",92754
"785","19055",280347
"786","19057",137561.4
"787","19059",177523
"788","19061",213595.6
"789","19063",204675.6
"790","19065",317502.6
"791","19067",262026.2
"792","19069",317607.6
"793","19071",235882.6
"794","19073",309197.6
"795","19075",293711.8
"796","19077",226195.6
"797","19079",306525.8
"798","19081",317038.2
"799","19083",295205.2
"800","19085",316960.4
"801","19087",175428.6
"802","19089",232483.8
"803","19091",234706.8
"804","19093",225904.6
"805","19095",230598.2
"806","19097",175351.2
"807","19099",321265
"808","19101",130815
"809","19103",234910.8
"810","19105",242984
"811","19107",205352.6
"812","19109",546229
"813","19111",156717.2
"814","19113",269757
"815","19115",141082.6
"816","19117",70817.6
"817","19119",302297.6
"818","19121",157864.8
"819","19123",227946.4
"820","19125",166145.4
"821","19127",272728
"822","19129",182574.6
"823","19131",252795.8
"824","19133",298078.8
"825","19135",87089
"826","19137",180131.4
"827","19139",173419.2
"828","19141",302570.2
"829","19143",222530.4
"830","19145",225733.8
"831","19147",308968
"832","19149",438353.2
"833","19151",324162.2
"834","19153",188128.2
"835","19155",445437.8
"836","19157",248033.8
"837","19159",123923.4
"838","19161",314892.2
"839","19163",201631
"840","19165",313995.4
"841","19167",438109.8
"842","19169",295130.2
"843","19171",328410.8
"844","19173",163883
"845","19175",121965.4
"846","19177",113893.6
"847","19179",119363.8
"848","19181",155074.4
"849","19183",230535.2
"850","19185",141553.2
"851","19187",380191.6
"852","19189",215069.6
"853","19191",250290.4
"854","19193",356938.2
"855","19195",203628
"856","19197",319123.8
"857","20001",120769.2
"858","20003",195762.2
"859","20005",144413
"860","20007",163910.4
"861","20009",324209.2
"862","20011",102097.6
"863","20013",229392.2
"864","20015",265695
"865","20017",52622.6
"866","20019",29745.4
"867","20021",202561.6
"868","20023",184531.8
"869","20025",85519
"870","20027",208217.8
"871","20029",206420.4
"872","20031",155953
"873","20033",97458.2
"874","20035",200423.4
"875","20037",164601.8
"876","20039",173630.4
"877","20041",300363.2
"878","20043",138188.2
"879","20045",116379.4
"880","20047",205182.4
"881","20049",42973.8
"882","20051",157008.8
"883","20053",140214.4
"884","20055",400425.2
"885","20057",299231.8
"886","20059",164754.4
"887","20061",52659
"888","20063",222709.8
"889","20065",158092.8
"890","20067",172980.8
"891","20069",278620.8
"892","20071",215444.6
"893","20073",83093.4
"894","20075",186418.2
"895","20077",279024
"896","20079",265143.2
"897","20081",228329.8
"898","20083",164303.6
"899","20085",119886.2
"900","20087",127395.4
"901","20089",253847
"902","20091",59207.4
"903","20093",216115.8
"904","20095",272039.6
"905","20097",139709.2
"906","20099",168235.8
"907","20101",153439.4
"908","20103",90948.2
"909","20105",169779
"910","20107",118771.6
"911","20109",189018
"912","20111",190010.8
"913","20113",375434.8
"914","20115",298639.2
"915","20117",297586.8
"916","20119",219969.8
"917","20121",139673.6
"918","20123",274683.4
"919","20125",142501.4
"920","20127",130846.4
"921","20129",155689
"922","20131",234154.4
"923","20133",139332.2
"924","20135",199111.6
"925","20137",181218.8
"926","20139",188598.6
"927","20141",180328.8
"928","20143",210830.2
"929","20145",246178.4
"930","20147",180674.6
"931","20149",134005.8
"932","20151",270249.4
"933","20153",214467.8
"934","20155",439504.2
"935","20157",252614.8
"936","20159",287811
"937","20161",88981.8
"938","20163",198410.6
"939","20165",185044
"940","20167",147587.6
"941","20169",220807.6
"942","20171",233894.4
"943","20173",373850.8
"944","20175",164591.6
"945","20177",111842.2
"946","20179",245611.6
"947","20181",290179.8
"948","20183",252624.8
"949","20185",281114.2
"950","20187",201528
"951","20189",252730.2
"952","20191",547967.4
"953","20193",369315.4
"954","20195",145566.2
"955","20197",92884.2
"956","20199",149503.4
"957","20201",276115.2
"958","20203",210543.8
"959","20205",148204
"960","20207",106699.2
"961","20209",9300.6
"962","21001",52022.4
"963","21003",43943.6
"964","21005",22177.6
"965","21007",72967.4
"966","21009",104405.2
"967","21011",33788
"968","21013",1444.2
"969","21015",24319
"970","21017",56227.2
"971","21019",3282.8
"972","21021",30995.6
"973","21023",22764.8
"974","21025",1751
"975","21027",82967.6
"976","21029",17569.4
"977","21031",48902.4
"978","21033",64081.6
"979","21035",100077.4
"980","21037",13214.6
"981","21039",67025.6
"982","21041",14647.4
"983","21043",15388.2
"984","21045",48374.8
"985","21047",191751.2
"986","21049",41893.6
"987","21051",5740.4
"988","21053",20396.4
"989","21055",50290.4
"990","21057",16162.2
"991","21059",187091.6
"992","21061",24687.6
"993","21063",8019
"994","21065",11364
"995","21067",28045.2
"996","21069",56612.4
"997","21071",958.4
"998","21073",21442.8
"999","21075",81252
"1000","21077",9559.8
"1001","21079",35340.6
"1002","21081",25963.2
"1003","21083",155720.8
"1004","21085",63362.4
"1005","21087",46328
"1006","21089",13642.6
"1007","21091",22244.4
"1008","21093",95920.8
"1009","21095",241.2
"1010","21097",50885.6
"1011","21099",48594.4
"1012","21101",150325.2
"1013","21103",49120.4
"1014","21105",97817.4
"1015","21107",80349.4
"1016","21109",16928.6
"1017","21111",9994.6
"1018","21113",24876
"1019","21115",2741.6
"1020","21117",11641.4
"1021","21119",541.8
"1022","21121",9309.4
"1023","21123",58424.2
"1024","21125",27638.4
"1025","21127",4721.8
"1026","21129",4495.8
"1027","21131",84.3333333333333
"1028","21133",227
"1029","21135",25417.4
"1030","21137",55695.2
"1031","21139",41805.4
"1032","21141",156791
"1033","21143",17340.2
"1034","21145",46329.8
"1035","21147",2936
"1036","21149",99042.2
"1037","21151",53397.8
"1038","21153",4349.8
"1039","21155",58699.8
"1040","21157",42843.4
"1041","21159",293.666666666667
"1042","21161",49295.4
"1043","21163",53833.2
"1044","21165",6936
"1045","21167",43912
"1046","21169",37291.4
"1047","21171",46731.4
"1048","21173",29284.2
"1049","21175",16099
"1050","21177",53459
"1051","21179",81162.8
"1052","21181",28254.8
"1053","21183",66324.4
"1054","21185",20720.2
"1055","21187",36033.6
"1056","21189",3585.4
"1057","21191",28234
"1058","21193",800
"1059","21195",1132.8
"1060","21197",7084.8
"1061","21199",75179.6
"1062","21201",10486.2
"1063","21203",20099.2
"1064","21205",10387.8
"1065","21207",31496.8
"1066","21209",37102.2
"1067","21211",93381.8
"1068","21213",79781.4
"1069","21215",28464.4
"1070","21217",43940.4
"1071","21219",113585.8
"1072","21221",58984.2
"1073","21223",17863.2
"1074","21225",165050
"1075","21227",112252.4
"1076","21229",50532
"1077","21231",32565
"1078","21233",93927.6
"1079","21235",13585.8
"1080","21237",6117
"1081","21239",27601.6
"1082","22001",143532
"1083","22003",25607.8
"1084","22005",20436.4
"1085","22007",45116.2
"1086","22009",173206.6
"1087","22011",25167
"1088","22013",6139.6
"1089","22015",26767.8
"1090","22017",62819.4
"1091","22019",34192.6
"1092","22021",21145.8
"1093","22023",17303.2
"1094","22025",135309.6
"1095","22027",8180
"1096","22029",162494.6
"1097","22031",22630.6
"1098","22033",11286.4
"1099","22035",189979.2
"1100","22037",15448.4
"1101","22039",84549.4
"1102","22041",164249.8
"1103","22043",13983.4
"1104","22045",71340.8
"1105","22047",54987.8
"1106","22049",2727
"1107","22051",1112.5
"1108","22053",116722.2
"1109","22055",35768.2
"1110","22057",39570.6
"1111","22059",3180
"1112","22061",8432.8
"1113","22063",5863
"1114","22065",184641.6
"1115","22067",193271.2
"1116","22069",66214.2
"1117","22071",10
"1118","22073",41509.2
"1119","22075",1962.4
"1120","22077",129874.8
"1121","22079",95736.6
"1122","22081",28061.8
"1123","22083",140395
"1124","22085",10373.8
"1125","22087",349.2
"1126","22089",2718.5
"1127","22091",9091.8
"1128","22093",31215.4
"1129","22095",8218.5
"1130","22097",173536.2
"1131","22099",48601.8
"1132","22101",51405.2
"1133","22103",5869.4
"1134","22105",28999.2
"1135","22107",167041.4
"1136","22109",19047.8
"1137","22111",13211.8
"1138","22113",123684.2
"1139","22115",6627.2
"1140","22117",25712.6
"1141","22119",9094
"1142","22121",19053.8
"1143","22123",91371.4
"1144","22125",12952
"1145","22127",3454.2
"1146","23001",18293.6
"1147","23003",136412.4
"1148","23005",16105.2
"1149","23007",9989.4
"1150","23009",9961.6
"1151","23011",32825.4
"1152","23013",8253.2
"1153","23015",7169.2
"1154","23017",15072.2
"1155","23019",37210.6
"1156","23021",7574
"1157","23023",4680
"1158","23025",27022
"1159","23027",19817.4
"1160","23029",26747
"1161","23031",18031.8
"1162","24001",10100.2
"1163","24003",15169
"1164","24005",43333.6
"1165","24009",13679
"1166","24011",99320.6
"1167","24013",96099.4
"1168","24015",50641.8
"1169","24017",22657.4
"1170","24019",85281.4
"1171","24021",125350
"1172","24023",37072.2
"1173","24025",44848.8
"1174","24027",18696
"1175","24029",94469
"1176","24031",43322.6
"1177","24033",15406
"1178","24035",124153.6
"1179","24037",34055
"1180","24039",34489.2
"1181","24041",83865
"1182","24043",74652.8
"1183","24045",55359.4
"1184","24047",73484.2
"1185","25001",1765.8
"1186","25003",18735.4
"1187","25005",11821.2
"1188","25007",684
"1189","25009",9641.5
"1190","25011",20243.4
"1191","25013",10703.4
"1192","25015",19858.6
"1193","25017",11300.8
"1194","25019",402.5
"1195","25021",2756.2
"1196","25023",16985.6
"1197","25025",17
"1198","25027",31103.4
"1199","26001",19744.8
"1200","26003",6983.8
"1201","26005",191628.6
"1202","26007",39671
"1203","26009",24717.6
"1204","26011",58282.2
"1205","26013",6537.6
"1206","26015",102748.8
"1207","26017",163931.4
"1208","26019",7542.8
"1209","26021",122723
"1210","26023",178467.8
"1211","26025",163699.2
"1212","26027",137895.8
"1213","26029",14324.4
"1214","26031",17427.8
"1215","26033",42213.8
"1216","26035",26213.6
"1217","26037",199157
"1218","26039",484.5
"1219","26041",27380.2
"1220","26043",9238
"1221","26045",167352.2
"1222","26047",15973.2
"1223","26049",95109.8
"1224","26051",31556
"1225","26053",1433.6
"1226","26055",31700.2
"1227","26057",241165.2
"1228","26059",177579.4
"1229","26061",8546.8
"1230","26063",381450.4
"1231","26065",148388.4
"1232","26067",181061.2
"1233","26069",21594
"1234","26071",7646.8
"1235","26073",143227.4
"1236","26075",121096
"1237","26077",108229.6
"1238","26079",9111.2
"1239","26081",118025.4
"1240","26083",122.5
"1241","26085",8571.2
"1242","26087",123942.6
"1243","26089",26891.8
"1244","26091",283853.8
"1245","26093",61331.6
"1246","26095",3682.75
"1247","26097",9372.2
"1248","26099",54204.8
"1249","26101",16602.8
"1250","26103",8407
"1251","26105",47899.6
"1252","26107",63889.6
"1253","26109",45854.8
"1254","26111",60786.2
"1255","26113",63284.6
"1256","26115",189474.8
"1257","26117",168329.6
"1258","26119",11508.6
"1259","26121",45309.2
"1260","26123",76889.2
"1261","26125",17652.2
"1262","26127",72939.2
"1263","26129",38260.2
"1264","26131",11698.4
"1265","26133",53401
"1266","26135",5697.2
"1267","26137",12200.2
"1268","26139",126335.8
"1269","26141",34989
"1270","26143",1906
"1271","26145",268857.6
"1272","26147",134504.8
"1273","26149",180482.8
"1274","26151",356223.4
"1275","26153",5224.2
"1276","26155",181716.4
"1277","26157",272176.2
"1278","26159",111820.4
"1279","26161",130073.2
"1280","26163",12967.6
"1281","26165",19439.8
"1282","27001",54890.8
"1283","27003",30241.2
"1284","27005",242348.4
"1285","27007",74294.8
"1286","27009",129425
"1287","27011",218149.2
"1288","27013",347872.8
"1289","27015",296713.2
"1290","27017",38944.2
"1291","27019",128142.6
"1292","27021",59547
"1293","27023",293411
"1294","27025",70215.6
"1295","27027",498254
"1296","27029",71700.6
"1297","27031",444.666666666667
"1298","27033",325326.4
"1299","27035",41830.4
"1300","27037",192994.4
"1301","27039",212040.6
"1302","27041",163155.8
"1303","27043",389013
"1304","27045",283143.4
"1305","27047",341417.6
"1306","27049",299115.4
"1307","27051",256940.4
"1308","27053",44611.6
"1309","27055",119449.2
"1310","27057",55971.8
"1311","27059",86108.8
"1312","27061",36294.6
"1313","27063",337277.2
"1314","27065",62702.6
"1315","27067",316974.6
"1316","27069",333044.2
"1317","27071",24173.5
"1318","27073",343678.6
"1319","27075",1318.2
"1320","27077",51929
"1321","27079",185064.4
"1322","27081",209771.2
"1323","27083",349129
"1324","27085",221214.2
"1325","27087",146160
"1326","27089",599512.6
"1327","27091",402035
"1328","27093",243806.2
"1329","27095",72131
"1330","27097",214907
"1331","27099",385712
"1332","27101",349523
"1333","27103",234214.2
"1334","27105",359832.2
"1335","27107",428577.2
"1336","27109",207905.4
"1337","27111",508375.4
"1338","27113",196027.6
"1339","27115",90568.4
"1340","27117",190684.8
"1341","27119",843625.8
"1342","27121",235415.4
"1343","27123",380.75
"1344","27125",147136
"1345","27127",473048
"1346","27129",573799
"1347","27131",179652.8
"1348","27133",250265.8
"1349","27135",334170.6
"1350","27137",61943.6
"1351","27139",94371.6
"1352","27141",75111
"1353","27143",299341.8
"1354","27145",468161.8
"1355","27147",218774.2
"1356","27149",282481.4
"1357","27151",313806.8
"1358","27153",193337.4
"1359","27155",311477.8
"1360","27157",161151
"1361","27159",67634.6
"1362","27161",210972.2
"1363","27163",55250
"1364","27165",232364.4
"1365","27167",402443
"1366","27169",169789
"1367","27171",192988.8
"1368","27173",348322.2
"1369","28001",14372.25
"1370","28003",32878.2
"1371","28005",13877
"1372","28007",19448.4
"1373","28009",25327.6
"1374","28011",375987.4
"1375","28013",63425.4
"1376","28015",45078.4
"1377","28017",49725.8
"1378","28019",7669.4
"1379","28021",15964.4
"1380","28023",7162.4
"1381","28025",22884.2
"1382","28027",234134
"1383","28029",13739.4
"1384","28031",15088.4
"1385","28033",74912.8
"1386","28035",7970.8
"1387","28037",5406.6
"1388","28039",15575.2
"1389","28041",8701.6
"1390","28043",19932
"1391","28045",3946.6
"1392","28047",3188.2
"1393","28049",44038.2
"1394","28051",102542.2
"1395","28053",135422.8
"1396","28055",77969.2
"1397","28057",22017.4
"1398","28059",8173.8
"1399","28061",8853.4
"1400","28063",15123.6
"1401","28065",9210.6
"1402","28067",16170.4
"1403","28069",11037
"1404","28071",20073.8
"1405","28073",8745.6
"1406","28075",7341
"1407","28077",13285.6
"1408","28079",15759.8
"1409","28081",72514.8
"1410","28083",220655.8
"1411","28085",13625.4
"1412","28087",44608
"1413","28089",44834
"1414","28091",12743.8
"1415","28093",49719.6
"1416","28095",70557.4
"1417","28097",18654
"1418","28099",18943
"1419","28101",18745.8
"1420","28103",74770
"1421","28105",14487
"1422","28107",100698
"1423","28109",13840
"1424","28111",6012
"1425","28113",13140.2
"1426","28115",41318.2
"1427","28117",31056
"1428","28119",134676.4
"1429","28121",24140
"1430","28123",21062
"1431","28125",138495
"1432","28127",14835.2
"1433","28129",15839.6
"1434","28131",5178.2
"1435","28133",293473.75
"1436","28135",210719.6
"1437","28137",55981.2
"1438","28139",26546.4
"1439","28141",11511.4
"1440","28143",179368.75
"1441","28145",35290.2
"1442","28147",20690.2
"1443","28149",36326.4
"1444","28151",305176.4
"1445","28153",11617.8
"1446","28155",22291
"1447","28157",9235
"1448","28159",13411.2
"1449","28161",24631.4
"1450","28163",166428.8
"1451","29001",100122.4
"1452","29003",132814.2
"1453","29005",241109.2
"1454","29007",306608.8
"1455","29009",76568.4
"1456","29011",195036
"1457","29013",229837
"1458","29015",72382.4
"1459","29017",70228
"1460","29019",118478.4
"1461","29021",123450.8
"1462","29023",199115.2
"1463","29025",105587
"1464","29027",142209.2
"1465","29029",23013.6
"1466","29031",152664
"1467","29033",249212
"1468","29035",8603
"1469","29037",169966.6
"1470","29039",54638.8
"1471","29041",230446.8
"1472","29043",49641.2
"1473","29045",140630
"1474","29047",57524.6
"1475","29049",114476
"1476","29051",57801.4
"1477","29053",152878.8
"1478","29055",30720
"1479","29057",99238.8
"1480","29059",53535.6
"1481","29061",146266.2
"1482","29063",108322
"1483","29065",24906.6
"1484","29067",39413.4
"1485","29069",285058.8
"1486","29071",110699
"1487","29073",58114.2
"1488","29075",110294.6
"1489","29077",73734.8
"1490","29079",107742.6
"1491","29081",166951.2
"1492","29083",159192.6
"1493","29085",43673
"1494","29087",179783.8
"1495","29089",113876.2
"1496","29091",51699.4
"1497","29093",10581.6
"1498","29095",81264.6
"1499","29097",116658.2
"1500","29099",32494.4
"1501","29101",190969.2
"1502","29103",129705.8
"1503","29105",67434.2
"1504","29107",242398
"1505","29109",111454.8
"1506","29111",146637
"1507","29113",148460.4
"1508","29115",139802.6
"1509","29117",167326
"1510","29119",40308.2
"1511","29121",159043.6
"1512","29123",21449.2
"1513","29125",48700.2
"1514","29127",142446.6
"1515","29129",72042.2
"1516","29131",52902
"1517","29133",246696
"1518","29135",88236
"1519","29137",174881.2
"1520","29139",147642.4
"1521","29141",69883.2
"1522","29143",369595.2
"1523","29145",81214.8
"1524","29147",276258
"1525","29149",29597
"1526","29151",74232.6
"1527","29153",26530.8
"1528","29155",287632.2
"1529","29157",99697.6
"1530","29159",215103
"1531","29161",26819
"1532","29163",187855.2
"1533","29165",109299
"1534","29167",95003.6
"1535","29169",20916.6
"1536","29171",79604.8
"1537","29173",148712.4
"1538","29175",91595.8
"1539","29177",149890.8
"1540","29179",10961.6
"1541","29181",32964
"1542","29183",120348.4
"1543","29185",95899.4
"1544","29186",63004.8
"1545","29187",30455.8
"1546","29189",16016.8
"1547","29195",309641.4
"1548","29197",54197.4
"1549","29199",118986.8
"1550","29201",192489.2
"1551","29203",17808.8
"1552","29205",177945
"1553","29207",384323
"1554","29209",20548.6
"1555","29211",98522.8
"1556","29213",14430.8
"1557","29215",65845.8
"1558","29217",200147.8
"1559","29219",71390.6
"1560","29221",21163.2
"1561","29223",19584.8
"1562","29225",73068.6
"1563","29227",48514.4
"1564","29229",58851.4
"1565","30001",133778.4
"1566","30003",185483.6
"1567","30005",308527.6
"1568","30007",77033.6
"1569","30009",88258.4
"1570","30011",104704.2
"1571","30013",260329.4
"1572","30015",652955.6
"1573","30017",76316.6
"1574","30019",340461.4
"1575","30021",237948
"1576","30023",11008.2
"1577","30025",104476.2
"1578","30027",386072.8
"1579","30029",71684.4
"1580","30031",162896.2
"1581","30033",150360.4
"1582","30035",292708.4
"1583","30037",43869
"1584","30039",26190.8
"1585","30041",543062
"1586","30043",27520.8
"1587","30045",191674.4
"1588","30047",74824.4
"1589","30049",64469.4
"1590","30051",317720
"1591","30053",9168.6
"1592","30055",310719.6
"1593","30057",94251.6
"1594","30059",63513.2
"1595","30061",2780.8
"1596","30063",19331.6
"1597","30065",64256.2
"1598","30067",70320.4
"1599","30069",48010.2
"1600","30071",248392.6
"1601","30073",318101.6
"1602","30075",85682.6
"1603","30077",53692.4
"1604","30079",61024
"1605","30081",43700.8
"1606","30083",279865.4
"1607","30085",449038
"1608","30087",100365.8
"1609","30089",29696.2
"1610","30091",491769
"1611","30093",5443.4
"1612","30095",97172
"1613","30097",47688.8
"1614","30099",308245.2
"1615","30101",343409.8
"1616","30103",34050
"1617","30105",458236.2
"1618","30107",85919
"1619","30109",80234
"1620","30111",188256.6
"1621","31001",271826.4
"1622","31003",328771.8
"1623","31005",28862
"1624","31007",88943
"1625","31009",30406
"1626","31011",279304.6
"1627","31013",241656.2
"1628","31015",90879
"1629","31017",98970.2
"1630","31019",314131.6
"1631","31021",247306.4
"1632","31023",283605.8
"1633","31025",262448.8
"1634","31027",333498.2
"1635","31029",243810.8
"1636","31031",333912.6
"1637","31033",306213.2
"1638","31035",268426.2
"1639","31037",202220.2
"1640","31039",302220.8
"1641","31041",404028.2
"1642","31043",122919
"1643","31045",95245.2
"1644","31047",295459.6
"1645","31049",134198
"1646","31051",175811.6
"1647","31053",297184.4
"1648","31055",76308.8
"1649","31057",155021.8
"1650","31059",305509
"1651","31061",150815
"1652","31063",149618.8
"1653","31065",213030.2
"1654","31067",374841.6
"1655","31069",117776.6
"1656","31071",57562
"1657","31073",125922.4
"1658","31075",40245.75
"1659","31077",114689.4
"1660","31079",238124.2
"1661","31081",288106
"1662","31083",177645.8
"1663","31085",123822.8
"1664","31087",135039.4
"1665","31089",531742.6
"1666","31091",11823
"1667","31093",155208.2
"1668","31095",234334.8
"1669","31097",99992
"1670","31099",250103.6
"1671","31101",185519.2
"1672","31103",83324.4
"1673","31105",170025.5
"1674","31107",260606
"1675","31109",322372
"1676","31111",365878.6
"1677","31113",44740
"1678","31115",27870.8
"1679","31117",21709.2
"1680","31119",259003.4
"1681","31121",194945.8
"1682","31123",169481.4
"1683","31125",130141.8
"1684","31127",183668.8
"1685","31129",213893.4
"1686","31131",264240.6
"1687","31133",125478.2
"1688","31135",311330.4
"1689","31137",268913.6
"1690","31139",238526.4
"1691","31141",331829.4
"1692","31143",212697.8
"1693","31145",177412
"1694","31147",209690.2
"1695","31149",125237.8
"1696","31151",260031.2
"1697","31153",84250.6
"1698","31155",369613.8
"1699","31157",179999.6
"1700","31159",270700.6
"1701","31161",187323.8
"1702","31163",115596.4
"1703","31165",64396.2
"1704","31167",161929.4
"1705","31169",254123.8
"1706","31171",8283
"1707","31173",174384.6
"1708","31175",132240.6
"1709","31177",193023
"1710","31179",224191
"1711","31181",156549
"1712","31183",81924.4
"1713","31185",311380.2
"1714","32001",40558
"1715","32003",2890
"1716","32005",16689.5
"1717","32007",125726
"1718","32009",11307.5
"1719","32011",36513.6
"1720","32013",115902.2
"1721","32015",33125
"1722","32017",16340
"1723","32019",53809.4
"1724","32021",4565
"1725","32023",15551
"1726","32027",38189.25
"1727","32031",15186
"1728","32033",21106
"1729","32510",924
"1730","33001",4571.2
"1731","33003",3887.6
"1732","33005",9361.4
"1733","33007",10817
"1734","33009",17644.6
"1735","33011",10623.6
"1736","33013",13713
"1737","33015",9404.6
"1738","33017",6964.6
"1739","33019",9122
"1740","34001",16262.4
"1741","34003",564.2
"1742","34005",52349.4
"1743","34007",4727.6
"1744","34009",3704.2
"1745","34011",45683
"1746","34013",68
"1747","34015",33791.6
"1748","34019",55623.6
"1749","34021",14220
"1750","34023",13658.2
"1751","34025",25589.2
"1752","34027",7464
"1753","34029",3315
"1754","34031",272
"1755","34033",71044.2
"1756","34035",17791.5
"1757","34037",25766
"1758","34039",114.5
"1759","34041",44429.8
"1760","35001",5876.8
"1761","35003",818.6
"1762","35005",60058.5
"1763","35006",1203
"1764","35007",13958.3333333333
"1765","35009",177257.75
"1766","35011",7177.4
"1767","35013",81289.2
"1768","35015",46885.75
"1769","35017",1663.75
"1770","35019",1877
"1771","35021",1934
"1772","35023",8267.5
"1773","35025",45026.8
"1774","35027",583.8
"1775","35029",23901.2
"1776","35031",2063.25
"1777","35033",9000.8
"1778","35035",5091.75
"1779","35037",54743.6
"1780","35039",19631.75
"1781","35041",151248
"1782","35043",6003.4
"1783","35045",67480.2
"1784","35047",5405.2
"1785","35049",11761.8
"1786","35051",7158.75
"1787","35053",13170
"1788","35055",12031
"1789","35057",19095.6
"1790","35059",37876.4
"1791","35061",15246.4
"1792","36001",28770.8
"1793","36003",64502.4
"1794","36007",34359.8
"1795","36009",75735.4
"1796","36011",165803.2
"1797","36013",111812.6
"1798","36015",25325.6
"1799","36017",73641.6
"1800","36019",65751.6
"1801","36021",56798.6
"1802","36023",51161.6
"1803","36025",59710.8
"1804","36027",38809.4
"1805","36029",82325.6
"1806","36031",17639
"1807","36033",62033.6
"1808","36035",14314.8
"1809","36037",132125.4
"1810","36039",16769.4
"1811","36041",205
"1812","36043",64407.4
"1813","36045",156094.4
"1814","36047",16
"1815","36049",89521
"1816","36051",134998
"1817","36053",94338.4
"1818","36055",76769.2
"1819","36057",79704.2
"1820","36059",275
"1821","36061",5.5
"1822","36063",96504.4
"1823","36065",101398.2
"1824","36067",94236.6
"1825","36069",134181.2
"1826","36071",44627.8
"1827","36073",97061.4
"1828","36075",38292
"1829","36077",76442.6
"1830","36079",1354
"1831","36083",43196.6
"1832","36087",261
"1833","36089",157334.6
"1834","36091",37581.2
"1835","36093",7695.4
"1836","36095",51547.6
"1837","36097",32017.2
"1838","36099",89678
"1839","36101",183765.4
"1840","36103",21993.6
"1841","36105",22600.6
"1842","36107",46076.2
"1843","36109",51815
"1844","36111",26126.2
"1845","36113",977
"1846","36115",95325.6
"1847","36117",106035.4
"1848","36119",1487.4
"1849","36121",138962.8
"1850","36123",71292.4
"1851","37001",26180.6
"1852","37003",17880
"1853","37005",22190.8
"1854","37007",22955.4
"1855","37009",24180.4
"1856","37011",9799.4
"1857","37013",129808
"1858","37015",91821.8
"1859","37017",59103.2
"1860","37019",21873
"1861","37021",15571.8
"1862","37023",11473
"1863","37025",26921.8
"1864","37027",10099.4
"1865","37029",50032.4
"1866","37031",42789.4
"1867","37033",18385.4
"1868","37035",27986.8
"1869","37037",23670.4
"1870","37039",5417.6
"1871","37041",44176.8
"1872","37043",3516.8
"1873","37045",35876.4
"1874","37047",100252.8
"1875","37049",53002.6
"1876","37051",40192.8
"1877","37053",30172.8
"1878","37055",2742.33333333333
"1879","37057",36488.2
"1880","37059",27746
"1881","37061",142197.2
"1882","37063",4756.6
"1883","37065",96247.2
"1884","37067",17258.8
"1885","37069",40229.6
"1886","37071",12211.4
"1887","37073",46569.2
"1888","37075",1423.25
"1889","37077",23109.4
"1890","37079",67997.4
"1891","37081",35066.2
"1892","37083",110982
"1893","37085",60232
"1894","37087",10041.2
"1895","37089",19330.8
"1896","37091",51220.4
"1897","37093",33171.8
"1898","37095",76365
"1899","37097",60951.8
"1900","37099",4204.2
"1901","37101",113564.4
"1902","37103",45683
"1903","37105",14293.2
"1904","37107",93153.6
"1905","37109",24259
"1906","37111",5158.6
"1907","37113",4505.4
"1908","37115",8095.8
"1909","37117",79039.6
"1910","37119",6656.4
"1911","37121",3625.8
"1912","37123",7409
"1913","37125",16943.8
"1914","37127",85526.6
"1915","37129",1844.25
"1916","37131",98169.4
"1917","37133",35073
"1918","37135",20618.2
"1919","37137",40320.2
"1920","37139",77216
"1921","37141",31752.6
"1922","37143",72275
"1923","37145",32160.2
"1924","37147",129018.8
"1925","37149",5096.2
"1926","37151",46842.6
"1927","37153",14360.6
"1928","37155",197880.8
"1929","37157",29392
"1930","37159",54002.8
"1931","37161",13581.8
"1932","37163",172638.8
"1933","37165",30014
"1934","37167",50792.8
"1935","37169",21924.2
"1936","37171",45710.2
"1937","37173",1024.75
"1938","37175",4734
"1939","37177",55305.8
"1940","37179",120565.8
"1941","37181",14030.2
"1942","37183",35006.4
"1943","37185",17959.6
"1944","37187",81257.2
"1945","37189",9801.4
"1946","37191",128965.8
"1947","37193",31330
"1948","37195",84348.4
"1949","37197",47092.4
"1950","37199",4984.8
"1951","38001",249271.8
"1952","38003",677429.4
"1953","38005",486793.6
"1954","38007",88387
"1955","38009",694212.4
"1956","38011",232856.4
"1957","38013",317922.2
"1958","38015",331667.4
"1959","38017",995263.8
"1960","38019",752896
"1961","38021",394354.6
"1962","38023",384190.2
"1963","38025",309152
"1964","38027",200298.4
"1965","38029",370096.4
"1966","38031",270271.8
"1967","38033",158496.4
"1968","38035",626994.8
"1969","38037",324318.2
"1970","38039",248600
"1971","38041",432781
"1972","38043",283740.2
"1973","38045",490344.6
"1974","38047",241193.6
"1975","38049",507545.8
"1976","38051",275541.6
"1977","38053",327869
"1978","38055",715288.4
"1979","38057",188994
"1980","38059",433734.6
"1981","38061",527814.8
"1982","38063",325522.6
"1983","38065",143480.4
"1984","38067",549798.2
"1985","38069",349514.2
"1986","38071",489457.8
"1987","38073",285903.4
"1988","38075",432671.4
"1989","38077",753830.4
"1990","38079",284313.2
"1991","38081",362821.6
"1992","38083",274748.6
"1993","38085",106500.4
"1994","38087",191181
"1995","38089",389279
"1996","38091",352919.4
"1997","38093",771461
"1998","38095",433557
"1999","38097",495367.4
"2000","38099",572229.4
"2001","38101",779103.8
"2002","38103",540073.8
"2003","38105",590992
"2004","39001",67829.6
"2005","39003",161540
"2006","39005",103638.4
"2007","39007",88688.8
"2008","39009",22017.4
"2009","39011",183408.8
"2010","39013",35938.6
"2011","39015",132248.6
"2012","39017",93399.8
"2013","39019",52738
"2014","39021",169146.4
"2015","39023",144337
"2016","39025",67384.6
"2017","39027",188664
"2018","39029",80962
"2019","39031",76192.2
"2020","39033",207206.2
"2021","39035",773.2
"2022","39037",301216.8
"2023","39039",174396.6
"2024","39041",123149
"2025","39043",73391
"2026","39045",139368
"2027","39047",187244.4
"2028","39049",52522.4
"2029","39051",173940.6
"2030","39053",28574.2
"2031","39055",28137.2
"2032","39057",136963.4
"2033","39059",41963.4
"2034","39061",10941.6
"2035","39063",226714.4
"2036","39065",213523.2
"2037","39067",34729.6
"2038","39069",219971.8
"2039","39071",166463
"2040","39073",12569.6
"2041","39075",97190.4
"2042","39077",190605.2
"2043","39079",22497.4
"2044","39081",24444.6
"2045","39083",126942.2
"2046","39085",8000.4
"2047","39087",11061.6
"2048","39089",152249.2
"2049","39091",163877.8
"2050","39093",99658.6
"2051","39095",64078.4
"2052","39097",224300.4
"2053","39099",47998.6
"2054","39101",181601.2
"2055","39103",71670
"2056","39105",22707.6
"2057","39107",241149.8
"2058","39109",161993.4
"2059","39111",24117.8
"2060","39113",90226.8
"2061","39115",25041.6
"2062","39117",129719.4
"2063","39119",70427.6
"2064","39121",23489.2
"2065","39123",99032.8
"2066","39125",203577.2
"2067","39127",50548.4
"2068","39129",241861
"2069","39131",34059.8
"2070","39133",54234.4
"2071","39135",178708
"2072","39137",279309.8
"2073","39139",104073.2
"2074","39141",134866.8
"2075","39143",167161
"2076","39145",38531.2
"2077","39147",238023.6
"2078","39149",178073
"2079","39151",95694.2
"2080","39153",8662.2
"2081","39155",73963.2
"2082","39157",70113
"2083","39159",192348.8
"2084","39161",227678.6
"2085","39163",11313.4
"2086","39165",73847.4
"2087","39167",44804.4
"2088","39169",187970
"2089","39171",154414.6
"2090","39173",257455
"2091","39175",186018.6
"2092","40001",40874.4
"2093","40003",253271.2
"2094","40005",49835.6
"2095","40007",148398.2
"2096","40009",94667.8
"2097","40011",207855
"2098","40013",89615.8
"2099","40015",231840.2
"2100","40017",205382.2
"2101","40019",39712.4
"2102","40021",37174
"2103","40023",53012.4
"2104","40025",206516
"2105","40027",32934
"2106","40029",38316.2
"2107","40031",96646.2
"2108","40033",118410.2
"2109","40035",93722.4
"2110","40037",48696.8
"2111","40039",200657
"2112","40041",60180.6
"2113","40043",107477.8
"2114","40045",70163
"2115","40047",345900
"2116","40049",77003.6
"2117","40051",148908.4
"2118","40053",326128.8
"2119","40055",90595.4
"2120","40057",83031.6
"2121","40059",82039.6
"2122","40061",42998.4
"2123","40063",47062.6
"2124","40065",238507.6
"2125","40067",35891.4
"2126","40069",31918.6
"2127","40071",260456.2
"2128","40073",249834.2
"2129","40075",248291.8
"2130","40077",28543.4
"2131","40079",92981
"2132","40081",79258.8
"2133","40083",95956.8
"2134","40085",31846.4
"2135","40087",63640.4
"2136","40089",62168
"2137","40091",45174.8
"2138","40093",146175.8
"2139","40095",19491.4
"2140","40097",79298.8
"2141","40099",19896
"2142","40101",98782
"2143","40103",144910.8
"2144","40105",50284
"2145","40107",40464.4
"2146","40109",37228.4
"2147","40111",61910.2
"2148","40113",71329.4
"2149","40115",87234.6
"2150","40117",40071.8
"2151","40119",61965.4
"2152","40121",62546.2
"2153","40123",49573.8
"2154","40125",63345.4
"2155","40127",26998.2
"2156","40129",60882.6
"2157","40131",67797.4
"2158","40133",36509.8
"2159","40135",54579.2
"2160","40137",47710.2
"2161","40139",336782.8
"2162","40141",231703.2
"2163","40143",39192.8
"2164","40145",87036.6
"2165","40147",45839
"2166","40149",277342
"2167","40151",175228.8
"2168","40153",85894.8
"2169","41001",78165.8
"2170","41003",68845.8
"2171","41005",78760.6
"2172","41007",3932
"2173","41009",14697
"2174","41011",13494.6
"2175","41013",41538.8
"2176","41015",2733.2
"2177","41017",24664.2
"2178","41019",39965.6
"2179","41021",112303.2
"2180","41023",36182.4
"2181","41025",143834.8
"2182","41027",17361.4
"2183","41029",31442.6
"2184","41031",48827.8
"2185","41033",7738.8
"2186","41035",130857.2
"2187","41037",126698.8
"2188","41039",89021
"2189","41041",3340
"2190","41043",219305.4
"2191","41045",185935.2
"2192","41047",206295.6
"2193","41049",248058.2
"2194","41051",13905.4
"2195","41053",99455.2
"2196","41055",132934.4
"2197","41057",8876.6
"2198","41059",412381.2
"2199","41061",97995.6
"2200","41063",51473
"2201","41065",89105.4
"2202","41067",78179.8
"2203","41069",10951.4
"2204","41071",100036
"2205","42001",115407.4
"2206","42003",10606.8
"2207","42005",59310.6
"2208","42007",25162.6
"2209","42009",94271
"2210","42011",165592.4
"2211","42013",52731.4
"2212","42015",132457.2
"2213","42017",52460
"2214","42019",68367.2
"2215","42021",43140.2
"2216","42023",1392.25
"2217","42025",11403
"2218","42027",76006.8
"2219","42029",104656.6
"2220","42031",45943.4
"2221","42033",26137.8
"2222","42035",25368.2
"2223","42037",66400.8
"2224","42039",109748.2
"2225","42041",110148.6
"2226","42043",58671.4
"2227","42045",1013.5
"2228","42047",8074.8
"2229","42049",83346.8
"2230","42051",47900.8
"2231","42053",2108.6
"2232","42055",176619.4
"2233","42057",40949.4
"2234","42059",34072.4
"2235","42061",60800.6
"2236","42063",73861.8
"2237","42065",39552.4
"2238","42067",46754.8
"2239","42069",14575.2
"2240","42071",305571.4
"2241","42073",47603.8
"2242","42075",88777.6
"2243","42077",67107.4
"2244","42079",27317
"2245","42081",66295.8
"2246","42083",11695.6
"2247","42085",88513.8
"2248","42087",47181
"2249","42089",11561
"2250","42091",22574.4
"2251","42093",22917.2
"2252","42095",56444.4
"2253","42097",82992.2
"2254","42099",69866.2
"2255","42101",81.5
"2256","42103",1810.25
"2257","42105",32325.2
"2258","42107",63000.8
"2259","42109",57668.6
"2260","42111",101504
"2261","42113",13475.8
"2262","42115",60622.2
"2263","42117",88279.4
"2264","42119",47583.4
"2265","42121",24105.8
"2266","42123",24217.2
"2267","42125",75940.4
"2268","42127",39655.4
"2269","42129",74953
"2270","42131",25065.8
"2271","42133",194369.4
"2272","44001",898.2
"2273","44003",1439.2
"2274","44005",5043.8
"2275","44007",4019.2
"2276","44009",6983
"2277","45001",12636.2
"2278","45003",34546.2
"2279","45005",34774.8
"2280","45007",40878.2
"2281","45009",33505.2
"2282","45011",27275
"2283","45013",4142.8
"2284","45015",9191.4
"2285","45017",51762
"2286","45019",5530.6
"2287","45021",12288.2
"2288","45023",15257
"2289","45025",31506.6
"2290","45027",87663.2
"2291","45029",24400.6
"2292","45031",94067.4
"2293","45033",71406
"2294","45035",26898.8
"2295","45037",16996.8
"2296","45039",6155.6
"2297","45041",90309.2
"2298","45043",9016.6
"2299","45045",15680.8
"2300","45047",10198
"2301","45049",36569.6
"2302","45051",86983.2
"2303","45053",5383.8
"2304","45055",11398
"2305","45057",12678.6
"2306","45059",26217.8
"2307","45061",74699.6
"2308","45063",35665.8
"2309","45065",2091.4
"2310","45067",34704.6
"2311","45069",60916.6
"2312","45071",24585
"2313","45073",14379.4
"2314","45075",127395.2
"2315","45077",10621.6
"2316","45079",19004
"2317","45081",24441.8
"2318","45083",27631.4
"2319","45085",71581
"2320","45087",5611.4
"2321","45089",74518.6
"2322","45091",25584.4
"2323","46003",195670.2
"2324","46005",440437
"2325","46007",158034.6
"2326","46009",227647
"2327","46011",285637.2
"2328","46013",699759
"2329","46015",217262.4
"2330","46017",64416
"2331","46019",93102.6
"2332","46021",165759
"2333","46023",393293.2
"2334","46025",309022.6
"2335","46027",246158.4
"2336","46029",228001.8
"2337","46031",240814.6
"2338","46033",26740.4
"2339","46035",186452.4
"2340","46037",311758.6
"2341","46039",171882.8
"2342","46041",140859
"2343","46043",164368.6
"2344","46045",394575.6
"2345","46047",38277.4
"2346","46049",324607.4
"2347","46051",251370.8
"2348","46053",211540.6
"2349","46055",187201.4
"2350","46057",211889.2
"2351","46059",428371.2
"2352","46061",179793
"2353","46063",104142
"2354","46065",181542.2
"2355","46067",354530.6
"2356","46069",155633
"2357","46071",123403.6
"2358","46073",157398.2
"2359","46075",135479
"2360","46077",332343.4
"2361","46079",218256
"2362","46081",23266
"2363","46083",284916
"2364","46085",281666.4
"2365","46087",259591.8
"2366","46089",219715.8
"2367","46091",245964.8
"2368","46093",240901.8
"2369","46095",88229.8
"2370","46097",178847.6
"2371","46099",314514.8
"2372","46101",208329.6
"2373","46102",55955.6
"2374","46103",157068.8
"2375","46105",213628.2
"2376","46107",270915.6
"2377","46109",369970
"2378","46111",163649
"2379","46115",635436.2
"2380","46117",133261
"2381","46119",380044
"2382","46121",121690
"2383","46123",354879.6
"2384","46125",306935
"2385","46127",243176.6
"2386","46129",192820.6
"2387","46135",238120.2
"2388","46137",120069.8
"2389","47001",10345.6
"2390","47003",67830.8
"2391","47005",20061
"2392","47007",26430
"2393","47009",34258.2
"2394","47011",24678.4
"2395","47013",9018.4
"2396","47015",31845.8
"2397","47017",91281.2
"2398","47019",10254
"2399","47021",18675.8
"2400","47023",25371.4
"2401","47025",26781
"2402","47027",17212.6
"2403","47029",17855.8
"2404","47031",67983
"2405","47033",116300.6
"2406","47035",33059.2
"2407","47037",8975.2
"2408","47039",17677.8
"2409","47041",23977.6
"2410","47043",33281.8
"2411","47045",198995.6
"2412","47047",125597.8
"2413","47049",18622.2
"2414","47051",68892
"2415","47053",228626
"2416","47055",64936.6
"2417","47057",20366
"2418","47059",77554
"2419","47061",11725.8
"2420","47063",20302
"2421","47065",13816
"2422","47067",10801.2
"2423","47069",53949
"2424","47071",45703.4
"2425","47073",36336.6
"2426","47075",172332.2
"2427","47077",52017.4
"2428","47079",98306.4
"2429","47081",30972.6
"2430","47083",9928.2
"2431","47085",30968
"2432","47087",12364.4
"2433","47089",32496.6
"2434","47091",11711.2
"2435","47093",23375.2
"2436","47095",80673.4
"2437","47097",144065.2
"2438","47099",78648.2
"2439","47101",7126.2
"2440","47103",86703.6
"2441","47105",26853
"2442","47107",38785
"2443","47109",43672
"2444","47111",35946.2
"2445","47113",94529.6
"2446","47115",17280.4
"2447","47117",43860.6
"2448","47119",66468.4
"2449","47121",12439
"2450","47123",35411.8
"2451","47125",59659.4
"2452","47127",12322.8
"2453","47129",13128.2
"2454","47131",188144.6
"2455","47133",28217.8
"2456","47135",10237.6
"2457","47137",9860.4
"2458","47139",11911.8
"2459","47141",25148.2
"2460","47143",16408.2
"2461","47145",12527.2
"2462","47147",123241.8
"2463","47149",55081.8
"2464","47151",7370.8
"2465","47153",6749.4
"2466","47155",14840.6
"2467","47157",58556.2
"2468","47159",28932
"2469","47161",13037.2
"2470","47163",26588.8
"2471","47165",59929.8
"2472","47167",130101
"2473","47169",11798
"2474","47171",1639.8
"2475","47173",10368
"2476","47175",7388.8
"2477","47177",64678
"2478","47179",45578.6
"2479","47181",24280.4
"2480","47183",162081.2
"2481","47185",34754.6
"2482","47187",49709.4
"2483","47189",47005
"2484","48001",50609.6
"2485","48003",22392.3333333333
"2486","48005",14808.8
"2487","48007",846.6
"2488","48009",59910.8
"2489","48011",61811.25
"2490","48013",54841.6
"2491","48015",57962.8
"2492","48017",137468.4
"2493","48019",5778.8
"2494","48021",40800.2
"2495","48023",75656.8
"2496","48025",59033.6
"2497","48027",140730.4
"2498","48029",62658.6
"2499","48031",9083.8
"2500","48033",33423.6
"2501","48035",46824.6
"2502","48037",61889.6
"2503","48039",80706.6
"2504","48041",39306.6
"2505","48043",3244
"2506","48045",67564.6
"2507","48047",7329.2
"2508","48049",39138
"2509","48051",60827.6
"2510","48053",14033.4
"2511","48055",44196.2
"2512","48057",52350
"2513","48059",38664.4
"2514","48061",178210.4
"2515","48063",14327.8
"2516","48065",158704.2
"2517","48067",28445.2
"2518","48069",242761.4
"2519","48071",33028.4
"2520","48073",50572.8
"2521","48075",72543.75
"2522","48077",55454.8
"2523","48079",181886.75
"2524","48081",12866
"2525","48083",68072.4
"2526","48085",118112.8
"2527","48087",88388.6
"2528","48089",76702.6
"2529","48091",10636
"2530","48093",88528.8
"2531","48095",69216.2
"2532","48097",96923.2
"2533","48099",60107.2
"2534","48101",22449
"2535","48103",57.5
"2536","48105",321
"2537","48107",217477.6
"2538","48109",5540.75
"2539","48111",255090
"2540","48113",28567.2
"2541","48115",282649
"2542","48117",300983.666666667
"2543","48119",53413.6
"2544","48121",101682.2
"2545","48123",40904
"2546","48125",44002
"2547","48127",6661.75
"2548","48129",33184.2
"2549","48131",23455.4
"2550","48133",52207.4
"2551","48135",1317
"2552","48137",2304.8
"2553","48139",171925.6
"2554","48141",38575.8
"2555","48143",84635
"2556","48145",133842.4
"2557","48147",151985
"2558","48149",75500
"2559","48151",106365.6
"2560","48153",246389.8
"2561","48155",59339
"2562","48157",117324
"2563","48159",23176.6
"2564","48161",36482
"2565","48163",61564.6
"2566","48165",357033.8
"2567","48167",8667.6
"2568","48169",47710.25
"2569","48171",33715.8
"2570","48173",109512.25
"2571","48175",25254.4
"2572","48177",48954.6
"2573","48179",75617
"2574","48181",143420.2
"2575","48183",8166.4
"2576","48185",42870.6
"2577","48187",88187.6
"2578","48189",318990.4
"2579","48191",93877
"2580","48193",48346.8
"2581","48195",207767.2
"2582","48197",66098.8
"2583","48199",7469
"2584","48201",38224.8
"2585","48203",29935.6
"2586","48205",188493.8
"2587","48207",191279.4
"2588","48209",18038
"2589","48211",19296.25
"2590","48213",58529.6
"2591","48215",323390.4
"2592","48217",207022.6
"2593","48219",261516
"2594","48221",28197.8
"2595","48223",100136.4
"2596","48225",54400
"2597","48227",86083.2
"2598","48229",26036.5
"2599","48231",123424
"2600","48233",74530.75
"2601","48235",3704.75
"2602","48237",15898.4
"2603","48239",145594.4
"2604","48241",10997.4
"2605","48243",713.333333333333
"2606","48245",38502.2
"2607","48247",2168.5
"2608","48249",116059
"2609","48251",89371.6
"2610","48253",181658.8
"2611","48255",54036
"2612","48257",87401.6
"2613","48259",10794.6
"2614","48261",1774
"2615","48263",10091
"2616","48265",8084.2
"2617","48267",5643
"2618","48269",7209.5
"2619","48271",2487
"2620","48273",74315.2
"2621","48275",121209.4
"2622","48277",137932.2
"2623","48279",288150.2
"2624","48281",21666.8
"2625","48283",11789.4
"2626","48285",60244
"2627","48287",36109.4
"2628","48289",56257
"2629","48291",61894
"2630","48293",58314
"2631","48295",56656.3333333333
"2632","48297",32341
"2633","48299",7771.8
"2634","48303",312836
"2635","48305",295775
"2636","48307",56510.6
"2637","48309",195178.4
"2638","48311",6117.8
"2639","48313",25303.2
"2640","48315",6859
"2641","48317",131906.4
"2642","48319",11203
"2643","48321",123963.4
"2644","48323",9219.25
"2645","48325",106888.4
"2646","48327",6434.4
"2647","48329",23875.3333333333
"2648","48331",124438
"2649","48333",26674.8
"2650","48335",68839.4
"2651","48337",46291.8
"2652","48339",18272.8
"2653","48341",171563.4
"2654","48343",13880
"2655","48345",30808
"2656","48347",27166.6
"2657","48349",108834.2
"2658","48351",4798.8
"2659","48353",71514.2
"2660","48355",304315
"2661","48357",218567.5
"2662","48359",34039.4
"2663","48361",4696.2
"2664","48363",26148
"2665","48365",26823.4
"2666","48367",57601.8
"2667","48369",259771
"2668","48371",25855.3333333333
"2669","48373",14209.2
"2670","48375",22321.3333333333
"2671","48377",1429.66666666667
"2672","48379",22336.8
"2673","48381",94205.2
"2674","48383",36664.25
"2675","48385",1282.4
"2676","48387",66615.8
"2677","48389",12425.6
"2678","48391",72687.2
"2679","48393",20950.5
"2680","48395",78654.2
"2681","48397",15312
"2682","48399",164848.6
"2683","48401",32426.8
"2684","48403",3732
"2685","48405",7248
"2686","48407",12575.8
"2687","48409",224414.2
"2688","48411",36189.6
"2689","48413",17057.75
"2690","48415",82673.4
"2691","48417",20492.4
"2692","48419",23430.4
"2693","48421",211525.4
"2694","48423",54555.4
"2695","48425",8423.6
"2696","48427",53730.4
"2697","48429",10458.8
"2698","48431",2316.33333333333
"2699","48433",31527.6
"2700","48435",1634.75
"2701","48437",184553.25
"2702","48439",25251
"2703","48441",91300.2
"2704","48443",184
"2705","48445",259790.2
"2706","48447",55181.2
"2707","48449",25350.6
"2708","48451",143980.8
"2709","48453",51766
"2710","48455",14892.2
"2711","48457",11242.8
"2712","48459",29528.8
"2713","48461",21891
"2714","48463",73544.2
"2715","48465",2201.4
"2716","48467",82229
"2717","48469",79429.2
"2718","48471",20881.2
"2719","48473",52749.2
"2720","48475",1077.25
"2721","48477",55672.8
"2722","48479",4288.75
"2723","48481",279632.6
"2724","48483",48443.2
"2725","48485",90684
"2726","48487",153503.8
"2727","48489",167847.4
"2728","48491",196202.2
"2729","48493",73553.8
"2730","48497",73547.2
"2731","48499",45571.4
"2732","48501",167489
"2733","48503",46217
"2734","48505",3980.5
"2735","48507",37346.4
"2736","49001",31005.2
"2737","49003",152282.8
"2738","49005",109947.6
"2739","49007",7418.8
"2740","49009",5598.2
"2741","49011",12807.4
"2742","49013",54790
"2743","49015",21114.6
"2744","49017",12467.4
"2745","49019",4537.4
"2746","49021",59353
"2747","49023",26486
"2748","49025",2574.4
"2749","49027",100806.8
"2750","49029",12609.8
"2751","49031",11478.6
"2752","49033",44115
"2753","49035",11713.6
"2754","49037",42137
"2755","49039",56756.8
"2756","49041",37640.8
"2757","49043",17658.8
"2758","49045",16414.2
"2759","49047",43666
"2760","49049",78219
"2761","49051",8969
"2762","49053",8685.6
"2763","49055",14277.8
"2764","49057",25820
"2765","50001",107152.2
"2766","50003",9255
"2767","50005",27986.4
"2768","50007",25729.4
"2769","50009",7577.6
"2770","50011",76788.4
"2771","50013",11187
"2772","50015",12968.2
"2773","50017",29867.6
"2774","50019",51766.4
"2775","50021",33362.4
"2776","50023",17138.6
"2777","50025",12877.4
"2778","50027",21292.2
"2779","51001",67071.6
"2780","51003",37559.6
"2781","51005",6064.2
"2782","51007",23790.8
"2783","51009",14874
"2784","51011",19792.2
"2785","51015",87854.8
"2786","51017",8261
"2787","51019",51682
"2788","51021",12874.8
"2789","51023",22330.4
"2790","51025",18991.2
"2791","51027",818
"2792","51029",20322.4
"2793","51031",33537.8
"2794","51033",35587
"2795","51035",29979.2
"2796","51036",18314
"2797","51037",27329.2
"2798","51041",6101.6
"2799","51043",24663.4
"2800","51045",8431.2
"2801","51047",48296.2
"2802","51049",12605.8
"2803","51051",1621.2
"2804","51053",33420.6
"2805","51057",37172.2
"2806","51059",1434.8
"2807","51061",68769.8
"2808","51063",31220.2
"2809","51065",12793.2
"2810","51067",51757.4
"2811","51069",36063
"2812","51071",9983.6
"2813","51073",15088
"2814","51075",17157.2
"2815","51077",25877
"2816","51079",8025.6
"2817","51081",26717
"2818","51083",38275.4
"2819","51085",50849
"2820","51087",9540.4
"2821","51089",8982
"2822","51091",9675.8
"2823","51093",50041.2
"2824","51095",3717
"2825","51097",30333.4
"2826","51099",12206.2
"2827","51101",28722.8
"2828","51103",9917
"2829","51105",22789.2
"2830","51107",57292.4
"2831","51109",23484.4
"2832","51111",18397
"2833","51113",32976.6
"2834","51115",3780.6
"2835","51117",41572
"2836","51119",13588.4
"2837","51121",23708
"2838","51125",16833
"2839","51127",10985.2
"2840","51131",44351
"2841","51133",32103.2
"2842","51135",17974.6
"2843","51137",33765
"2844","51139",23263.2
"2845","51141",18655.8
"2846","51143",67360.6
"2847","51145",10416
"2848","51147",15864.6
"2849","51149",18929
"2850","51153",16204.2
"2851","51155",20101.8
"2852","51157",18168.2
"2853","51159",24207
"2854","51161",5961.2
"2855","51163",32207.2
"2856","51165",97422.4
"2857","51167",24997.6
"2858","51169",24581.2
"2859","51171",46899
"2860","51173",24368.2
"2861","51175",86601.8
"2862","51177",16433.4
"2863","51179",8159.4
"2864","51181",29436
"2865","51183",37818.6
"2866","51185",20409.4
"2867","51187",11399
"2868","51191",42974.8
"2869","51193",36876
"2870","51195",3310.4
"2871","51197",40220.8
"2872","51199",232
"2873","51550",42297.2
"2874","51800",53169.4
"2875","51810",20996
"2876","53001",385241.2
"2877","53003",36232
"2878","53005",278410
"2879","53007",29312
"2880","53009",6732
"2881","53011",24051.4
"2882","53013",106817.4
"2883","53015",10677.2
"2884","53017",203917.2
"2885","53019",10645.75
"2886","53021",275286.25
"2887","53023",99741.2
"2888","53025",573027.5
"2889","53027",16534.6
"2890","53029",6852.6
"2891","53031",2818.8
"2892","53033",11410.4
"2893","53035",2806
"2894","53037",55554.2
"2895","53039",91634.8
"2896","53041",40710
"2897","53043",436944.6
"2898","53045",4068.8
"2899","53047",73239.4
"2900","53049",7555.4
"2901","53051",13835.2
"2902","53053",11783.2
"2903","53055",4570.2
"2904","53057",59358.2
"2905","53059",1210.6
"2906","53061",25452.8
"2907","53063",296332.8
"2908","53065",60276
"2909","53067",17322.2
"2910","53069",2954.4
"2911","53071",307790.6
"2912","53073",66285.4
"2913","53075",741469.8
"2914","53077",258006.6
"2915","54001",17926.6
"2916","54003",30997.6
"2917","54005",212.5
"2918","54007",11368.4
"2919","54009",3691.8
"2920","54011",4972.4
"2921","54013",7048.6
"2922","54015",2296.4
"2923","54017",9514.4
"2924","54019",5177
"2925","54021",8259.8
"2926","54023",16514
"2927","54025",30145.6
"2928","54027",27843
"2929","54029",2278.4
"2930","54031",24680.2
"2931","54033",21264.6
"2932","54035",22255.2
"2933","54037",39304.6
"2934","54039",2647.8
"2935","54041",13760.8
"2936","54043",2518.8
"2937","54045",134
"2938","54047",224.333333333333
"2939","54049",9916
"2940","54051",19644.4
"2941","54053",31350.8
"2942","54055",8546.2
"2943","54057",16287.2
"2944","54059",32
"2945","54061",13292.8
"2946","54063",24020.4
"2947","54065",6374.6
"2948","54067",10475.8
"2949","54069",8698
"2950","54071",20953.8
"2951","54073",3543.8
"2952","54075",17719.2
"2953","54077",39682.2
"2954","54079",10205.8
"2955","54081",7351.8
"2956","54083",17842.6
"2957","54085",15480.8
"2958","54087",18032.6
"2959","54089",8956
"2960","54091",10116
"2961","54093",5912.4
"2962","54095",8925.6
"2963","54097",13176.8
"2964","54099",3498.4
"2965","54101",1731.25
"2966","54103",6493.4
"2967","54105",6734.8
"2968","54107",17338
"2969","54109",550
"2970","55001",78103.8
"2971","55003",21722
"2972","55005",193370
"2973","55007",39505.4
"2974","55009",152426.6
"2975","55011",141755
"2976","55013",40527
"2977","55015",120327.2
"2978","55017",210887
"2979","55019",275749.2
"2980","55021",226135.2
"2981","55023",83865.4
"2982","55025",367945
"2983","55027",313989.8
"2984","55029",84403.4
"2985","55031",24712.8
"2986","55033",214878.4
"2987","55035",101851.6
"2988","55037",6887.4
"2989","55039",251123.2
"2990","55041",9644.8
"2991","55043",311406.4
"2992","55045",213297.2
"2993","55047",97434.4
"2994","55049",161432
"2995","55051",3663.5
"2996","55053",115166
"2997","55055",173566.4
"2998","55057",98196.6
"2999","55059",67103.2
"3000","55061",130424
"3001","55063",77200.4
"3002","55065",231633
"3003","55067",68876
"3004","55069",37966.2
"3005","55071",181537.4
"3006","55073",296273
"3007","55075",77201.8
"3008","55077",74805.4
"3009","55079",3790.5
"3010","55081",148330.8
"3011","55083",129117
"3012","55085",9501.4
"3013","55087",194189.8
"3014","55089",48671.6
"3015","55091",59189.6
"3016","55093",150367.4
"3017","55095",144876.6
"3018","55097",185420.2
"3019","55099",34706.8
"3020","55101",99727.6
"3021","55103",97562.6
"3022","55105",283143.8
"3023","55107",67184.4
"3024","55109",183003.8
"3025","55111",183961.4
"3026","55113",21304
"3027","55115",171062.8
"3028","55117",148493.2
"3029","55119",110970.2
"3030","55121",167919
"3031","55123",165984.6
"3032","55125",2347
"3033","55127",167174.4
"3034","55129",35157
"3035","55131",100234.2
"3036","55133",69883.8
"3037","55135",138932.8
"3038","55137",105153.6
"3039","55139",118888.6
"3040","55141",115256
"3041","56001",76892.6
"3042","56003",81357.6
"3043","56005",57544
"3044","56007",89020.8
"3045","56009",40597.8
"3046","56011",80950.6
"3047","56013",120055
"3048","56015",135516.6
"3049","56017",14534
"3050","56019",31743.2
"3051","56021",158615
"3052","56023",79777
"3053","56025",29810.4
"3054","56027",34025.8
"3055","56029",96029.8
"3056","56031",74780
"3057","56033",66628.6
"3058","56035",103577.2
"3059","56037",26439.2
"3060","56039",11652.8
"3061","56041",51579.2
"3062","56043",38063
"3063","56045",25148.6
